"icono","Año","Región agrícola","Municipio","Barrio","Cultivo","Nombre cientifíco","Unidad de producción","Producción","Producción en libras","Producción en kilogramos","Cuerdas sembradas","Hectáreas sembradas","Pies cuadrados sembrados","Cuerdas cosechadas","Hectáreas cosechadas","Pies cuadrados cosechados","USDA plant database"
"","2013","Utuado","Adjuntas","Garzas","Ají dulce","Capsicum chinense","Quintal","200","20,000.00","9,071.84","2.00","0.79","84,612.85","2.00","0.79","84,612.85","USDA plant database"
"","2014","Utuado","Adjuntas","Garzas","Ají dulce","Capsicum chinense","Quintal","400","40,000.00","18,143.68","4.00","1.57","169,225.71","4.00","1.57","169,225.71","USDA plant database"
"","2015","Utuado","Adjuntas","Garzas","Ají dulce","Capsicum chinense","Quintal","500","50,000.00","22,679.60","5.00","1.97","211,532.13","5.00","1.97","211,532.13","USDA plant database"
"","2016","Utuado","Adjuntas","Garzas","Ají dulce","Capsicum chinense","Quintal","1,000","100,000.00","45,359.20","10.00","3.93","423,064.26","10.00","3.93","423,064.26","USDA plant database"
"","2015","Utuado","Adjuntas","Guayabo Dulce","Rambután","Nephelium lappaceum","Quintal","80","8,000.00","3,628.74","4.00","1.57","169,225.71","4.00","1.57","169,225.71","USDA plant database"
"","2016","Utuado","Adjuntas","Guayabo Dulce","Rambután","Nephelium lappaceum","Quintal","80","8,000.00","3,628.74","4.00","1.57","169,225.71","4.00","1.57","169,225.71","USDA plant database"
"","2016","Naranjito","Aibonito","Pasto","Ají dulce - en bancos","Capsicum chinense","Quintal","36","3,667.00","1,663.32","0.02","0.01","1,000.00","0.02","0.01","700.00","USDA plant database"
"","2013","Mayagüez","Aguada","Guanábano","Ají dulce","Capsicum chinense","Quintal","980","98,000.00","44,452.02","9.00","3.54","380,757.84","9.00","3.54","380,757.84","USDA plant database"
"","2014","Mayagüez","Aguada","Guanábano","Ají dulce","Capsicum chinense","Quintal","640","64,000.00","29,029.89","9.00","3.54","380,757.84","9.00","3.54","380,757.84","USDA plant database"
"","2015","Mayagüez","Aguada","Guanábano","Ají dulce","Capsicum chinense","Quintal","150","15,000.00","6,803.88","1.00","0.39","42,306.43","1.00","0.39","42,306.43","USDA plant database"
"","2016","Mayagüez","Aguada","Guanábano","Ají dulce","Capsicum chinense","Quintal","300","30,000.00","13,607.76","2.00","0.79","84,612.85","2.00","0.79","84,612.85","USDA plant database"
"","2015","Mayagüez","Aguadilla","Guerrero","Ají dulce","Capsicum chinense","Quintal","60","6,000.00","2,721.55","2.00","0.79","84,612.85","2.00","0.79","84,612.85","USDA plant database"
"","2013","Mayagüez","Aguada","Piedras Blancas","Ají dulce","Capsicum chinense","Quintal","0","0.00","0.00","2.00","0.79","84,612.85","0.00","0.00","0.00","USDA plant database"
"","2014","Mayagüez","Aguada","Piedras Blancas","Ají dulce","Capsicum chinense","Quintal","40","4,000.00","1,814.37","2.00","0.79","84,612.85","2.00","0.79","84,612.85","USDA plant database"
"","2015","Mayagüez","Aguada","Piedras Blancas","Ají dulce","Capsicum chinense","Quintal","68","6,800.00","3,084.43","3.00","1.18","126,919.28","3.00","1.18","126,919.28","USDA plant database"
"","2016","Mayagüez","Aguada","Piedras Blancas","Ají dulce","Capsicum chinense","Quintal","22","2,200.00","997.90","2.00","0.79","84,612.85","2.00","0.79","84,612.85","USDA plant database"
"","2013","Mayagüez","Aguadilla","Caimital Alto","Ají dulce","Capsicum chinense","Quintal","48","4,800.00","2,177.24","2.00","0.79","84,612.85","2.00","0.79","84,612.85","USDA plant database"
"","2014","Mayagüez","Aguadilla","Caimital Alto","Ají dulce","Capsicum chinense","Quintal","48","4,800.00","2,177.24","2.00","0.79","84,612.85","2.00","0.79","84,612.85","USDA plant database"
"","2016","Mayagüez","Aguadilla","Guerrero","Ají dulce","Capsicum chinense","Quintal","30","3,000.00","1,360.78","1.00","0.39","42,306.43","1.00","0.39","42,306.43","USDA plant database"
"","2014","Mayagüez","Aguadilla","Palmar","Ají dulce","Capsicum chinense","Quintal","150","15,000.00","6,803.88","4.00","1.57","169,225.71","3.00","1.18","126,919.28","USDA plant database"
"","2015","Mayagüez","Aguadilla","Palmar","Ají dulce","Capsicum chinense","Quintal","0","0.00","0.00","2.00","0.79","84,612.85","0.00","0.00","0.00","USDA plant database"
"","2016","Ponce","Ponce","Real","Chironja","Citrus paradisi × Citrus sinensis","Millar","0","0.00","0.00","1.00","0.39","42,306.43","0.00","0.00","0.00","No aparece en la base de datos del USDA' target='_blank'>No aparece en la base de datos del USDA"
"","2016","Mayagüez","Aguadilla","Palmar","Ají dulce","Capsicum chinense","Quintal","5","500.00","226.80","0.20","0.08","8,461.29","0.20","0.08","8,461.29","USDA plant database"
"","2016","Caguas","Aguas Buenas","Bayamoncito","Ají dulce","Capsicum chinense","Quintal","500","50,000.00","22,679.60","2.00","0.79","84,612.85","2.00","0.79","84,612.85","USDA plant database"
"","2013","Caguas","Aguas Buenas","Jagüeyes","Ají dulce","Capsicum chinense","Quintal","4","400.00","181.44","0.25","0.10","10,576.61","0.25","0.10","10,576.61","USDA plant database"
"","2013","Caguas","Aguas Buenas","Sumidero","Ají dulce","Capsicum chinense","Quintal","20","2,000.00","907.18","1.00","0.39","42,306.43","1.00","0.39","42,306.43","USDA plant database"
"","2014","Caguas","Aguas Buenas","Sumidero","Ají dulce","Capsicum chinense","Quintal","10","1,000.00","453.59","0.50","0.20","21,153.21","0.50","0.20","21,153.21","USDA plant database"
"","2013","Naranjito","Aibonito","Pasto","Ají dulce","Capsicum chinense","Quintal","20","2,000.00","907.18","0.08","0.03","3,384.51","0.08","0.03","3,384.51","USDA plant database"
"","2014","Naranjito","Aibonito","Pasto","Ají dulce","Capsicum chinense","Quintal","20","2,000.00","907.18","0.08","0.03","3,384.51","0.08","0.03","3,384.51","USDA plant database"
"","2015","Naranjito","Aibonito","Pasto","Ají dulce - en bancos","Capsicum chinense","Quintal","17","1,734.00","786.53","0.02","0.01","1,000.00","0.01","0.00","500.00","USDA plant database"
"","2016","Mayagüez","Añasco","Cerro Gordo","Ají dulce","Capsicum chinense","Quintal","50","5,000.00","2,267.96","3.00","1.18","126,919.28","2.00","0.79","84,612.85","USDA plant database"
"","2014","Naranjito","Aibonito","Plata","Ají dulce - hidropónico","Capsicum chinense","Quintal","5,000","500,000.00","226,796.00","0.00","0.00","0.00","","","","USDA plant database"
"","2013","Mayagüez","Añasco","Carreras","Ají dulce","Capsicum chinense","Quintal","500","50,000.00","22,679.60","10.00","3.93","423,064.26","10.00","3.93","423,064.26","USDA plant database"
"","2014","Mayagüez","Añasco","Carreras","Ají dulce","Capsicum chinense","Quintal","250","25,000.00","11,339.80","5.00","1.97","211,532.13","5.00","1.97","211,532.13","USDA plant database"
"","2015","Mayagüez","Añasco","Carreras","Ají dulce - en bancos","Capsicum chinense","Quintal","200","20,000.00","9,071.84","0.39","0.15","16,349.74","0.35","0.14","15,000.00","USDA plant database"
"","2015","Lares","Las Marías","Cerrote","Chironja","Citrus paradisi × Citrus sinensis","Millar","0","166.66","75.60","0.08","0.04","3,384.52","0.04","0.02","1,692.26","No aparece en la base de datos del USDA' target='_blank'>No aparece en la base de datos del USDA"
"","2016","Mayagüez","Añasco","Carreras","Ají dulce - en bancos","Capsicum chinense","Quintal","200","20,000.00","9,071.84","0.39","0.15","16,349.74","0.35","0.14","15,000.00","USDA plant database"
"","2013","Mayagüez","Añasco","Casey Arriba","Ají dulce","Capsicum chinense","Quintal","5","500.00","226.80","0.25","0.10","10,576.61","0.25","0.10","10,576.61","USDA plant database"
"","2015","Mayagüez","Añasco","Cerro Gordo","Ají dulce","Capsicum chinense","Quintal","25","2,500.00","1,133.98","1.00","0.39","42,306.43","1.00","0.39","42,306.43","USDA plant database"
"","2016","Mayagüez","Añasco","Corcovada","Ají dulce","Capsicum chinense","Quintal","90","9,000.00","4,082.32","1.50","0.59","63,459.64","1.50","0.59","63,459.64","USDA plant database"
"","2016","Mayagüez","Añasco","Espino","Ají dulce","Capsicum chinense","Quintal","600","60,000.00","27,215.52","3.00","1.18","126,919.28","3.00","1.18","126,919.28","USDA plant database"
"","2016","Mayagüez","Añasco","Humatas","Ají dulce","Capsicum chinense","Quintal","30","3,000.00","1,360.78","0.50","0.20","21,153.21","0.50","0.20","21,153.21","USDA plant database"
"","2013","Mayagüez","Añasco","Ovejas","Ají dulce","Capsicum chinense","Quintal","0","0.00","0.00","2.00","0.79","84,612.85","0.00","0.00","0.00","USDA plant database"
"","2014","Mayagüez","Añasco","Ovejas","Ají dulce","Capsicum chinense","Quintal","200","20,000.00","9,071.84","2.00","0.79","84,612.85","2.00","0.79","84,612.85","USDA plant database"
"","2016","Mayagüez","Añasco","Río Arriba","Ají dulce","Capsicum chinense","Quintal","35","3,500.00","1,587.57","0.50","0.20","21,153.21","0.50","0.20","21,153.21","USDA plant database"
"","2013","Arecibo","Arecibo","Esperanza","Ají dulce","Capsicum chinense","Quintal","100","10,000.00","4,535.92","1.00","0.39","42,306.43","1.00","0.39","42,306.43","USDA plant database"
"","2014","Arecibo","Arecibo","Esperanza","Ají dulce","Capsicum chinense","Quintal","306","30,600.00","13,879.92","3.00","1.18","126,919.28","3.00","1.18","126,919.28","USDA plant database"
"","2016","Arecibo","Arecibo","Esperanza","Ají dulce","Capsicum chinense","Quintal","8","800.00","362.87","4.70","1.85","198,840.20","4.70","1.85","198,840.20","USDA plant database"
"","2013","Arecibo","Arecibo","Garrochales","Ají dulce","Capsicum chinense","Quintal","20","2,000.00","907.18","0.50","0.20","21,153.21","0.50","0.20","21,153.21","USDA plant database"
"","2014","Arecibo","Arecibo","Garrochales","Ají dulce","Capsicum chinense","Quintal","20","2,000.00","907.18","0.50","0.20","21,153.21","0.50","0.20","21,153.21","USDA plant database"
"","2015","Arecibo","Arecibo","Garrochales","Ají dulce","Capsicum chinense","Quintal","30","3,000.00","1,360.78","0.50","0.20","21,153.21","0.50","0.20","21,153.21","USDA plant database"
"","2016","Arecibo","Arecibo","Garrochales","Ají dulce","Capsicum chinense","Quintal","30","3,000.00","1,360.78","0.50","0.20","21,153.21","0.50","0.20","21,153.21","USDA plant database"
"","2014","Arecibo","Arecibo","Hato Viejo","Ají dulce","Capsicum chinense","Quintal","0","0.00","0.00","2.00","0.79","84,612.85","0.00","0.00","0.00","USDA plant database"
"","2015","Arecibo","Arecibo","Hato Viejo","Ají dulce","Capsicum chinense","Quintal","18","1,800.00","816.47","2.00","0.79","84,612.85","0.90","0.35","38,075.78","USDA plant database"
"","2016","Arecibo","Arecibo","Hato Viejo","Ají dulce","Capsicum chinense","Quintal","27","2,700.00","1,224.70","3.00","1.18","126,919.28","1.35","0.53","57,113.68","USDA plant database"
"","2013","Arecibo","Arecibo","Miraflores","Ají dulce","Capsicum chinense","Quintal","830","83,000.00","37,648.14","6.00","2.36","253,838.56","6.00","2.36","253,838.56","USDA plant database"
"","2014","Arecibo","Arecibo","Miraflores","Ají dulce","Capsicum chinense","Quintal","845","84,500.00","38,328.52","7.00","2.75","296,144.98","7.00","2.75","296,144.98","USDA plant database"
"","2015","Arecibo","Arecibo","Miraflores","Ají dulce","Capsicum chinense","Quintal","77","7,749.00","3,514.88","1.00","0.40","42,306.43","1.00","0.40","42,306.43","USDA plant database"
"","2016","Arecibo","Arecibo","Miraflores","Ají dulce","Capsicum chinense","Quintal","144","14,496.00","6,575.27","1.75","0.69","74,036.25","1.75","0.69","74,036.25","USDA plant database"
"","2016","Arecibo","Arecibo","Sabana Hoyos","Ají dulce","Capsicum chinense","Quintal","10","1,000.00","453.59","0.50","0.20","21,153.21","0.50","0.20","21,153.21","USDA plant database"
"","2013","Naranjito","Barranquitas","Barrancas","Ají dulce","Capsicum chinense","Quintal","34","3,400.00","1,542.21","3.50","1.38","148,072.49","3.50","1.38","148,072.49","USDA plant database"
"","2016","Arecibo","Arecibo","Santana","Ají dulce","Capsicum chinense","Quintal","45","4,500.00","2,041.16","0.75","0.29","31,729.82","0.75","0.29","31,729.82","USDA plant database"
"","2015","Naranjito","Barranquitas","Barrancas","Ají dulce","Capsicum chinense","Quintal","20","2,000.00","907.18","3.00","1.18","126,919.28","1.00","0.39","42,306.43","USDA plant database"
"","2016","Naranjito","Barranquitas","Barrancas","Ají dulce","Capsicum chinense","Quintal","126","12,600.00","5,715.24","3.50","1.38","148,072.50","3.25","1.28","137,495.89","USDA plant database"
"","2016","Naranjito","Barranquitas","Cañabón","Ají dulce","Capsicum chinense","Quintal","40","4,000.00","1,814.36","5.25","2.06","222,108.75","2.00","0.78","84,612.86","USDA plant database"
"","2015","Naranjito","Aibonito","Cuyón","Seta - en bancos","Agaricus spp.","Quintal","4,680","468,000.00","212,281.06","0.00","0.00","4.18","0.00","0.00","4.18","No aparece en la base de datos del USDA' target='_blank'>No aparece en la base de datos del USDA"
"","2014","Naranjito","Barranquitas","Cañabón","Ají dulce","Capsicum chinense","Quintal","140","14,000.00","6,350.29","8.00","3.14","338,451.41","4.00","1.57","169,225.71","USDA plant database"
"","2015","Naranjito","Barranquitas","Cañabón","Ají dulce","Capsicum chinense","Quintal","28","2,800.00","1,270.05","1.50","0.59","63,459.64","1.50","0.59","63,459.64","USDA plant database"
"","2013","Naranjito","Barranquitas","Helechal","Ají dulce","Capsicum chinense","Quintal","70","7,000.00","3,175.14","6.00","2.36","253,838.56","5.00","1.97","211,532.13","USDA plant database"
"","2016","Arecibo","Arecibo","Río Arriba","Chironja","Citrus paradisi × Citrus sinensis","Millar","2","666.66","302.39","1.00","0.39","42,306.43","1.00","0.39","42,306.43","No aparece en la base de datos del USDA' target='_blank'>No aparece en la base de datos del USDA"
"","2014","Naranjito","Barranquitas","Helechal","Ají dulce","Capsicum chinense","Quintal","80","8,000.00","3,628.74","6.00","2.36","253,838.56","6.00","2.36","253,838.56","USDA plant database"
"","2016","Naranjito","Barranquitas","Helechal","Ají dulce","Capsicum chinense","Quintal","10","1,000.00","453.59","1.00","0.40","42,306.42","0.50","0.20","21,153.21","USDA plant database"
"","2015","Naranjito","Barranquitas","Quebrada Grande","Ají dulce","Capsicum chinense","Quintal","30","3,000.00","1,360.78","1.00","0.39","42,306.43","1.00","0.39","42,306.43","USDA plant database"
"","2014","Naranjito","Barranquitas","Honduras","Ají dulce","Capsicum chinense","Quintal","300","30,000.00","13,607.76","3.00","1.18","126,919.28","3.00","1.18","126,919.28","USDA plant database"
"","2016","Naranjito","Barranquitas","Honduras","Ají dulce","Capsicum chinense","Quintal","0","0.00","0.00","1.50","0.59","63,459.64","0.00","0.00","0.00","USDA plant database"
"","2015","Naranjito","Barranquitas","Palo Hincado","Ají dulce","Capsicum chinense","Quintal","10","1,000.00","453.59","0.50","0.20","21,153.21","0.50","0.20","21,153.21","USDA plant database"
"","2016","Naranjito","Barranquitas","Palo Hincado","Ají dulce","Capsicum chinense","Quintal","30","3,000.00","1,360.78","1.50","0.59","63,459.64","1.50","0.59","63,459.64","USDA plant database"
"","2016","Naranjito","Barranquitas","Quebrada Grande","Ají dulce","Capsicum chinense","Quintal","20","2,000.00","907.18","0.50","0.20","21,153.21","0.50","0.20","21,153.21","USDA plant database"
"","2013","Naranjito","Barranquitas","Quebrada Grande","Ají dulce","Capsicum chinense","Quintal","55","5,500.00","2,494.76","2.50","0.98","105,766.07","2.50","0.98","105,766.07","USDA plant database"
"","2014","Naranjito","Barranquitas","Quebrada Grande","Ají dulce","Capsicum chinense","Quintal","90","9,000.00","4,082.33","4.00","1.57","169,225.71","2.00","0.79","84,612.85","USDA plant database"
"","2016","Naranjito","Barranquitas","Quebradillas","Ají dulce - hidropónico","Capsicum chinense","Quintal","126","12,600.00","5,715.26","0.21","0.08","9,000.00","0.14","0.06","6,000.00","USDA plant database"
"","2013","Naranjito","Barranquitas","Quebradillas","Ají dulce","Capsicum chinense","Quintal","144","14,400.00","6,531.72","7.50","2.95","317,298.20","7.50","2.95","317,298.20","USDA plant database"
"","2014","Naranjito","Barranquitas","Quebradillas","Ají dulce","Capsicum chinense","Quintal","231","23,100.00","10,477.98","11.00","4.32","465,370.69","9.50","3.73","401,911.05","USDA plant database"
"","2015","Naranjito","Barranquitas","Quebradillas","Ají dulce","Capsicum chinense","Quintal","105","10,500.00","4,762.71","8.50","3.34","359,604.63","6.75","2.66","285,568.38","USDA plant database"
"","2016","Naranjito","Barranquitas","Quebradillas","Ají dulce","Capsicum chinense","Quintal","290","29,000.00","13,154.16","10.75","4.22","454,794.10","10.75","4.22","454,794.10","USDA plant database"
"","2015","Naranjito","Barranquitas","Quebradillas","Ají dulce - hidropónico","Capsicum chinense","Quintal","126","12,600.00","5,715.26","0.21","0.08","9,000.00","0.14","0.06","6,000.00","USDA plant database"
"","2014","San Germán","Cabo Rojo","Boquerón","Ají dulce","Capsicum chinense","Quintal","10","1,000.00","453.59","0.25","0.10","10,576.61","0.25","0.10","10,576.61","USDA plant database"
"","2022","4","Juana Díaz","Barrio Pueblo","Mataderos","","","","","","","","","","","","No aparece en la base de datos del USDA' target='_blank'>No aparece en la base de datos del USDA"
"","2022","2","Ciales","Barrio Pueblo","Mataderos","","","","","","","","","","","","No aparece en la base de datos del USDA' target='_blank'>No aparece en la base de datos del USDA"
"","2013","San Germán","Cabo Rojo","Bajura","Ají dulce","Capsicum chinense","Quintal","1","100.00","45.36","0.20","0.08","8,461.29","0.10","0.04","4,230.64","USDA plant database"
"","2014","San Germán","Cabo Rojo","Bajura","Ají dulce","Capsicum chinense","Quintal","3","300.00","136.08","0.20","0.08","8,461.29","0.20","0.08","8,461.29","USDA plant database"
"","2015","San Germán","Cabo Rojo","Bajura","Ají dulce","Capsicum chinense","Quintal","3","300.00","136.08","0.50","0.20","21,153.21","0.50","0.20","21,153.21","USDA plant database"
"","2016","San Germán","Cabo Rojo","Bajura","Ají dulce","Capsicum chinense","Quintal","3","300.00","136.08","0.50","0.20","21,153.21","0.50","0.20","21,153.21","USDA plant database"
"","2013","San Germán","Cabo Rojo","Boquerón","Ají dulce","Capsicum chinense","Quintal","10","1,000.00","453.59","0.25","0.10","10,576.61","0.25","0.10","10,576.61","USDA plant database"
"","2015","San Germán","Cabo Rojo","Boquerón","Ají dulce","Capsicum chinense","Quintal","3","300.00","136.08","0.11","0.04","4,653.70","0.11","0.04","4,653.70","USDA plant database"
"","2016","San Germán","Cabo Rojo","Pedernales","Rambután","Nephelium lappaceum","Quintal","4","400.00","181.44","0.50","0.20","21,153.21","0.50","0.20","21,153.21","USDA plant database"
"","2013","Caguas","Caguas","Beatriz","Ají dulce","Capsicum chinense","Quintal","40","4,000.00","1,814.37","1.00","0.39","42,306.43","1.00","0.39","42,306.43","USDA plant database"
"","2013","San Germán","Cabo Rojo","Llanos Costa","Ají dulce","Capsicum chinense","Quintal","1,200","120,000.00","54,431.04","12.00","4.72","507,677.12","12.00","4.72","507,677.12","USDA plant database"
"","2014","San Germán","Cabo Rojo","Llanos Costa","Ají dulce","Capsicum chinense","Quintal","1,200","120,000.00","54,431.04","5.00","1.97","211,532.13","5.00","1.97","211,532.13","USDA plant database"
"","2015","San Germán","Cabo Rojo","Llanos Costa","Ají dulce","Capsicum chinense","Quintal","300","30,000.00","13,607.76","2.00","0.79","84,612.85","2.00","0.79","84,612.85","USDA plant database"
"","2016","San Germán","Cabo Rojo","Llanos Costa","Ají dulce","Capsicum chinense","Quintal","700","70,000.00","31,751.44","6.00","2.36","253,838.56","6.00","2.36","253,838.56","USDA plant database"
"","2015","San Germán","Cabo Rojo","Monte Grande","Ají dulce","Capsicum chinense","Quintal","20","2,000.00","907.18","0.50","0.20","21,153.21","0.50","0.20","21,153.21","USDA plant database"
"","2016","San Germán","Cabo Rojo","Monte Grande","Ají dulce","Capsicum chinense","Quintal","20","2,000.00","907.18","0.50","0.20","21,153.21","0.50","0.20","21,153.21","USDA plant database"
"","2014","Caguas","Caguas","Beatriz","Ají dulce","Capsicum chinense","Quintal","40","4,000.00","1,814.37","1.00","0.39","42,306.43","1.00","0.39","42,306.43","USDA plant database"
"","2015","San Germán","Cabo Rojo","Pedernales","Longan","Dimocarpus longan","Libra","50","50.00","22.68","0.40","0.16","16,922.57","0.40","0.16","16,922.57","USDA plant database"
"","2016","San Germán","Cabo Rojo","Pedernales","Longan","Dimocarpus longan","Libra","125","125.00","56.70","0.40","0.16","16,922.57","0.40","0.16","16,922.57","USDA plant database"
"","2015","San Germán","Cabo Rojo","Pedernales","Rambután","Nephelium lappaceum","Quintal","4","400.00","181.44","0.50","0.20","21,153.21","0.50","0.20","21,153.21","USDA plant database"
"","2013","Caguas","Caguas","Borinquen","Ají dulce","Capsicum chinense","Quintal","15","1,500.00","680.39","1.00","0.39","42,306.43","1.00","0.39","42,306.43","USDA plant database"
"","2014","Caguas","Caguas","Borinquen","Ají dulce","Capsicum chinense","Quintal","15","1,500.00","680.39","1.00","0.39","42,306.43","1.00","0.39","42,306.43","USDA plant database"
"","2013","Arecibo","Camuy","Cibao","Ají dulce","Capsicum chinense","Quintal","31","3,100.00","1,406.14","","","","401.39","157.76","16,981,376.50","USDA plant database"
"","2016","Mayagüez","Añasco","Río Arriba","Chironja","Citrus paradisi × Citrus sinensis","Millar","40","13,333.20","6,047.83","1.00","0.39","42,306.43","1.00","0.39","42,306.43","No aparece en la base de datos del USDA' target='_blank'>No aparece en la base de datos del USDA"
"","2014","Arecibo","Camuy","Cibao","Ají dulce","Capsicum chinense","Quintal","31","3,168.00","1,436.98","2.26","0.89","95,612.52","1.51","0.59","63,882.70","USDA plant database"
"","2015","Arecibo","Camuy","Abra Honda","Ají dulce","Capsicum chinense","Quintal","180","18,000.00","8,164.66","7.00","2.75","296,144.98","7.00","2.75","296,144.98","USDA plant database"
"","2016","Arecibo","Camuy","Abra Honda","Ají dulce","Capsicum chinense","Quintal","300","30,000.00","13,607.76","7.00","2.75","296,144.98","7.00","2.75","296,144.98","USDA plant database"
"","2014","Arecibo","Camuy","Quebrada","Ají dulce","Capsicum chinense","Quintal","3","300.00","136.08","0.50","0.20","21,153.21","0.50","0.20","21,153.21","USDA plant database"
"","2013","Arecibo","Camuy","Camuy Arriba","Ají dulce","Capsicum chinense","Quintal","120","12,000.00","5,443.10","1.00","0.39","42,306.43","1.00","0.39","42,306.43","USDA plant database"
"","2014","Arecibo","Camuy","Camuy Arriba","Ají dulce","Capsicum chinense","Quintal","120","12,000.00","5,443.10","1.00","0.39","42,306.43","1.00","0.39","42,306.43","USDA plant database"
"","2015","Arecibo","Camuy","Cibao","Ají dulce","Capsicum chinense","Quintal","91","9,137.00","4,144.47","2.75","1.08","116,342.67","2.25","0.88","95,189.46","USDA plant database"
"","2016","Arecibo","Camuy","Cibao","Ají dulce","Capsicum chinense","Quintal","164","16,400.00","7,438.91","6.00","2.35","253,838.57","4.50","1.76","190,378.93","USDA plant database"
"","2015","Caguas","Cidra","Ceiba","Ají dulce","Capsicum chinense","Quintal","10","1,000.00","453.59","1.00","0.39","42,306.43","1.00","0.39","42,306.43","USDA plant database"
"","2016","Arecibo","Camuy","Cibao","Tangelo","Citrus x tangelo","Millar","0","0.00","0.00","0.75","0.29","31,729.82","0.00","0.00","0.00","USDA plant database"
"","2013","Arecibo","Camuy","Ciénagas","Ají dulce","Capsicum chinense","Quintal","54","5,400.00","2,449.40","0.50","0.20","21,153.21","0.50","0.20","21,153.21","USDA plant database"
"","2014","Arecibo","Camuy","Ciénagas","Ají dulce","Capsicum chinense","Quintal","54","5,400.00","2,449.40","0.50","0.20","21,153.21","0.50","0.20","21,153.21","USDA plant database"
"","2015","Arecibo","Camuy","Quebrada","Ají dulce","Capsicum chinense","Quintal","221","22,150.00","10,047.07","1.85","0.73","78,266.89","1.35","0.53","57,113.68","USDA plant database"
"","2016","Arecibo","Camuy","Quebrada","Ají dulce","Capsicum chinense","Quintal","225","22,575.00","10,239.85","2.00","0.79","84,612.86","2.00","0.79","84,612.86","USDA plant database"
"","2013","Arecibo","Camuy","Santiago","Ají dulce","Capsicum chinense","Quintal","13","1,300.00","589.67","0.50","0.20","21,153.21","0.50","0.20","21,153.21","USDA plant database"
"","2014","Arecibo","Camuy","Santiago","Ají dulce","Capsicum chinense","Quintal","13","1,300.00","589.67","0.25","0.10","10,576.61","0.25","0.10","10,576.61","USDA plant database"
"","2013","Caguas","Las Piedras","Tejas","Ají dulce","Capsicum chinense","Quintal","40","4,000.00","1,814.37","2.00","0.79","84,612.85","2.00","0.79","84,612.85","USDA plant database"
"","2014","Arecibo","Camuy","Zanja","Ají dulce","Capsicum chinense","Quintal","3","300.00","136.08","0.25","0.10","10,576.61","0.25","0.10","10,576.61","USDA plant database"
"","2014","Caguas","Canóvanas","Canóvanas","Ají dulce","Capsicum chinense","Quintal","40","4,000.00","1,814.37","1.00","0.39","42,306.43","0.00","0.00","0.00","USDA plant database"
"","2014","Caguas","Canóvanas","Canóvanas","Ají dulce","Capsicum chinense","Quintal","40","4,000.00","1,814.37","1.00","0.39","42,306.43","0.00","0.00","0.00","USDA plant database"
"","2015","Caguas","Canóvanas","Cubuy","Arúgula - hidropónico","Eruca vesicaria","Mazo","4,000","","","0.02","0.01","800.00","","","","USDA plant database"
"","2016","Caguas","Canóvanas","Cubuy","Arúgula - hidropónico","Eruca vesicaria","Mazo","4,000","","","0.23","0.09","9,600.00","0.02","0.01","1,000.00","USDA plant database"
"","2015","Caguas","Canóvanas","Hato Puerco","Ají dulce","Capsicum chinense","Quintal","70","7,000.00","3,175.14","0.50","0.20","21,153.21","0.50","0.20","21,153.21","USDA plant database"
"","2016","Caguas","Canóvanas","Hato Puerco","Ají dulce","Capsicum chinense","Quintal","80","8,000.00","3,628.74","1.00","0.39","42,306.43","1.00","0.39","42,306.43","USDA plant database"
"","2013","Caguas","Canóvanas","Lomas","Ají dulce","Capsicum chinense","Quintal","30","3,000.00","1,360.78","0.50","0.20","21,153.21","0.50","0.20","21,153.21","USDA plant database"
"","2013","Caguas","Carolina","Barrazas","Ají dulce","Capsicum chinense","Quintal","60","6,000.00","2,721.55","0.50","0.20","21,153.21","0.50","0.20","21,153.21","USDA plant database"
"","2014","Caguas","Carolina","Barrazas","Ají dulce","Capsicum chinense","Quintal","35","3,500.00","1,587.57","0.50","0.20","21,153.21","0.25","0.10","10,576.61","USDA plant database"
"","2015","Caguas","Carolina","Barrazas","Ají dulce","Capsicum chinense","Quintal","68","6,800.00","3,084.43","0.50","0.20","21,153.21","0.50","0.20","21,153.21","USDA plant database"
"","2016","Caguas","Carolina","Barrazas","Ají dulce","Capsicum chinense","Quintal","60","6,000.00","2,721.55","0.50","0.20","21,153.21","0.50","0.20","21,153.21","USDA plant database"
"","2016","Caguas","Carolina","Hoyo Mulas","Ají dulce","Capsicum chinense","Quintal","160","16,000.00","7,257.47","1.00","0.39","42,306.43","1.00","0.39","42,306.43","USDA plant database"
"","2014","Caguas","Carolina","Carruzos","Ají dulce","Capsicum chinense","Quintal","75","7,500.00","3,401.94","1.00","0.39","42,306.43","1.00","0.39","42,306.43","USDA plant database"
"","2015","Caguas","Carolina","Carruzos","Ají dulce","Capsicum chinense","Quintal","8","800.00","362.87","1.00","0.39","42,306.43","0.50","0.20","21,153.21","USDA plant database"
"","2016","Caguas","Carolina","Carruzos","Ají dulce","Capsicum chinense","Quintal","12","1,200.00","544.31","1.00","0.39","42,306.43","0.50","0.20","21,153.21","USDA plant database"
"","2013","Caguas","Carolina","Cedro","Ají dulce","Capsicum chinense","Quintal","3","300.00","136.08","0.50","0.20","21,153.21","0.50","0.20","21,153.21","USDA plant database"
"","2016","Caguas","Carolina","Santa Cruz","Ají dulce","Capsicum chinense","Quintal","31","3,150.00","1,428.81","0.25","0.10","10,576.61","0.25","0.10","10,576.61","USDA plant database"
"","2015","Caguas","Cayey","Cercadillo","Ají dulce - en vivero","Capsicum chinense","Bandeja","2,778","","","0.08","0.03","3,500.00","","","","USDA plant database"
"","2016","Caguas","Cayey","Cercadillo","Ají dulce - en vivero","Capsicum chinense","Bandeja","2,778","","","0.08","0.03","3,500.00","","","","USDA plant database"
"","2014","Caguas","Cayey","Culebras Alto","Ají dulce","Capsicum chinense","Quintal","17","1,700.00","771.11","0.75","0.29","31,729.82","0.00","0.00","0.00","USDA plant database"
"","2015","Caguas","Cayey","Culebras Alto","Ají dulce","Capsicum chinense","Quintal","10","1,000.00","453.59","0.50","0.20","21,153.21","0.50","0.20","21,153.21","USDA plant database"
"","2016","Caguas","Cayey","Culebras Alto","Ají dulce","Capsicum chinense","Quintal","36","3,600.00","1,632.93","0.50","0.20","21,153.21","0.50","0.20","21,153.21","USDA plant database"
"","2016","Ponce","Coamo","Pulguillas","Ají dulce - hidropónico","Capsicum chinense","Quintal","88","8,800.00","3,991.61","0.23","0.09","9,799.00","0.03","0.01","1,100.00","USDA plant database"
"","2013","Caguas","Cayey","Guavate","Ají dulce","Capsicum chinense","Quintal","1","100.00","45.36","0.25","0.10","10,576.61","0.25","0.10","10,576.61","USDA plant database"
"","2014","Caguas","Las Piedras","Tejas","Ají dulce","Capsicum chinense","Quintal","40","4,000.00","1,814.37","2.00","0.79","84,612.85","2.00","0.79","84,612.85","USDA plant database"
"","2016","Caguas","Cayey","Lapa","Ají dulce","Capsicum chinense","Quintal","20","2,000.00","907.18","0.25","0.10","10,576.61","0.25","0.10","10,576.61","USDA plant database"
"","2015","Caguas","Las Piedras","Tejas","Ají dulce","Capsicum chinense","Quintal","6","600.00","272.16","0.25","0.10","10,576.61","0.25","0.10","10,576.61","USDA plant database"
"","2013","Caguas","Cayey","Matón Abajo","Ají dulce","Capsicum chinense","Quintal","30","3,000.00","1,360.78","0.50","0.20","21,153.21","0.50","0.20","21,153.21","USDA plant database"
"","2014","Caguas","Cayey","Matón Abajo","Ají dulce","Capsicum chinense","Quintal","30","3,000.00","1,360.78","0.50","0.20","21,153.21","0.50","0.20","21,153.21","USDA plant database"
"","2015","Caguas","Cayey","Matón Abajo","Ají dulce","Capsicum chinense","Quintal","20","2,000.00","907.18","0.50","0.20","21,153.21","0.50","0.20","21,153.21","USDA plant database"
"","2016","Caguas","Cayey","Matón Abajo","Ají dulce","Capsicum chinense","Quintal","20","2,000.00","907.18","0.50","0.20","21,153.21","0.50","0.20","21,153.21","USDA plant database"
"","2015","Caguas","Cayey","Matón Arriba","Ají dulce","Capsicum chinense","Quintal","0","0.00","0.00","0.25","0.10","10,576.61","0.00","0.00","0.00","USDA plant database"
"","2016","Caguas","Cayey","Matón Arriba","Ají dulce","Capsicum chinense","Quintal","13","1,320.00","598.74","0.25","0.10","10,576.61","0.25","0.10","10,576.61","USDA plant database"
"","2015","Caguas","Cayey","Monte Llano","Ají dulce - hidropónico","Capsicum chinense","Quintal","3","300.00","136.08","0.03","0.01","1,400.00","0.01","0.00","300.00","USDA plant database"
"","2016","Caguas","Cayey","Monte Llano","Ají dulce - hidropónico","Capsicum chinense","Quintal","1","150.00","68.04","0.03","0.01","1,400.00","0.01","0.00","250.00","USDA plant database"
"","2014","Caguas","Cayey","Vegas","Ají dulce","Capsicum chinense","Quintal","876","87,600.00","39,734.66","0.00","0.00","0.00","","","","USDA plant database"
"","2015","Caguas","Cayey","Vegas","Ají dulce - hidropónico","Capsicum chinense","Quintal","78","7,800.00","3,538.02","0.10","0.04","4,160.00","0.02","0.01","876.00","USDA plant database"
"","2016","Caguas","Cayey","Vegas","Ají dulce - hidropónico","Capsicum chinense","Quintal","70","7,000.00","3,175.14","0.10","0.04","4,160.00","0.02","0.01","876.00","USDA plant database"
"","2014","Naranjito","Corozal","Maná","Ají dulce","Capsicum chinense","Quintal","120","12,000.00","5,443.10","2.00","0.79","84,612.85","2.00","0.79","84,612.85","USDA plant database"
"","2013","Caguas","Ceiba","Río Abajo","Ají dulce","Capsicum chinense","Quintal","60","6,000.00","2,721.55","1.00","0.39","42,306.43","1.00","0.39","42,306.43","USDA plant database"
"","2014","Caguas","Ceiba","Río Abajo","Ají dulce","Capsicum chinense","Quintal","60","6,000.00","2,721.55","1.00","0.39","42,306.43","1.00","0.39","42,306.43","USDA plant database"
"","2015","Caguas","Ceiba","Río Abajo","Ají dulce","Capsicum chinense","Quintal","40","4,000.00","1,814.37","0.50","0.20","21,153.21","0.50","0.20","21,153.21","USDA plant database"
"","2016","Utuado","Ciales","Hato Viejo","Ají dulce","Capsicum chinense","Quintal","4","400.00","181.44","1.00","0.39","42,306.43","1.00","0.39","42,306.43","USDA plant database"
"","2014","Caguas","Ceiba","Saco","Ají dulce","Capsicum chinense","Quintal","0","0.00","0.00","1.00","0.39","42,306.43","0.00","0.00","0.00","USDA plant database"
"","2014","Utuado","Ciales","Frontón","Ají dulce","Capsicum chinense","Quintal","120","12,000.00","5,443.10","1.00","0.39","42,306.43","1.00","0.39","42,306.43","USDA plant database"
"","2015","Utuado","Ciales","Frontón","Ají dulce - hidropónico","Capsicum chinense","Quintal","4","429.00","194.59","0.03","0.01","1,350.00","0.03","0.01","1,350.00","USDA plant database"
"","2016","Utuado","Ciales","Frontón","Ají dulce - hidropónico","Capsicum chinense","Quintal","3","300.00","136.08","0.03","0.01","1,350.00","0.03","0.01","1,350.00","USDA plant database"
"","2013","Utuado","Ciales","Pozas","Ají dulce","Capsicum chinense","Quintal","2","200.00","90.72","0.25","0.10","10,576.61","0.25","0.10","10,576.61","USDA plant database"
"","2014","Utuado","Ciales","Pozas","Ají dulce","Capsicum chinense","Quintal","6","600.00","272.16","0.25","0.10","10,576.61","0.25","0.10","10,576.61","USDA plant database"
"","2014","Caguas","Cidra","Ceiba","Ají dulce","Capsicum chinense","Quintal","15","1,500.00","680.39","0.50","0.20","21,153.21","0.50","0.20","21,153.21","USDA plant database"
"","2015","San Germán","Guánica","Montalva","Arándano","Vaccinium spp.","Quintal","0","0.00","0.00","0.25","0.10","10,576.61","0.00","0.00","0.00","USDA plant database"
"","2015","Caguas","Cidra","Bayamón","Ají dulce - hidropónico","Capsicum chinense","Quintal","500","50,000.00","22,679.60","0.02","0.01","792.00","0.01","0.00","500.00","USDA plant database"
"","2016","Caguas","Cidra","Bayamón","Ají dulce - hidropónico","Capsicum chinense","Quintal","1,000","100,000.00","45,359.20","0.02","0.01","792.00","0.01","0.00","500.00","USDA plant database"
"","2013","Caguas","Cidra","Ceiba","Ají dulce","Capsicum chinense","Quintal","15","1,500.00","680.39","0.50","0.20","21,153.21","0.50","0.20","21,153.21","USDA plant database"
"","2016","Caguas","Cidra","Ceiba","Ají dulce - hidropónico","Capsicum chinense","Quintal","40","4,000.00","1,814.37","0.05","0.02","2,000.00","0.01","0.00","500.00","USDA plant database"
"","2013","Caguas","Cidra","Rabanal","Ají dulce","Capsicum chinense","Quintal","120","12,000.00","5,443.10","1.50","0.59","63,459.64","1.50","0.59","63,459.64","USDA plant database"
"","2014","Caguas","Cidra","Rabanal","Ají dulce","Capsicum chinense","Quintal","180","18,000.00","8,164.66","2.50","0.98","105,766.07","2.00","0.79","84,612.85","USDA plant database"
"","2013","Caguas","Cidra","Río Abajo","Ají dulce","Capsicum chinense","Quintal","110","11,000.00","4,989.51","5.00","1.97","211,532.13","5.00","1.97","211,532.13","USDA plant database"
"","2014","Caguas","Cidra","Río Abajo","Ají dulce","Capsicum chinense","Quintal","45","4,500.00","2,041.16","2.00","0.79","84,612.85","2.00","0.79","84,612.85","USDA plant database"
"","2015","Caguas","Cidra","Río Abajo","Ají dulce","Capsicum chinense","Quintal","40","4,000.00","1,814.37","3.50","1.38","148,072.49","0.50","0.20","21,153.21","USDA plant database"
"","2016","Caguas","Cidra","Río Abajo","Ají dulce","Capsicum chinense","Quintal","150","15,000.00","6,803.88","4.00","1.57","169,225.71","4.00","1.57","169,225.71","USDA plant database"
"","2013","Ponce","Coamo","Coamo Arriba","Ají dulce","Capsicum chinense","Quintal","400","40,000.00","18,143.68","5.00","1.97","211,532.13","5.00","1.97","211,532.13","USDA plant database"
"","2014","Ponce","Coamo","Coamo Arriba","Ají dulce","Capsicum chinense","Quintal","400","40,000.00","18,143.68","5.00","1.97","211,532.13","5.00","1.97","211,532.13","USDA plant database"
"","2015","Ponce","Coamo","Coamo Arriba","Ají dulce","Capsicum chinense","Quintal","300","30,000.00","13,607.76","3.00","1.18","126,919.28","3.00","1.18","126,919.28","USDA plant database"
"","2016","Ponce","Coamo","Coamo Arriba","Ají dulce","Capsicum chinense","Quintal","500","50,000.00","22,679.60","5.00","1.97","211,532.13","5.00","1.97","211,532.13","USDA plant database"
"","2015","Ponce","Coamo","Cuyón","Ají dulce","Capsicum chinense","Quintal","201","20,100.00","9,117.20","2.50","0.99","105,766.06","2.50","0.99","105,766.06","USDA plant database"
"","2016","Ponce","Coamo","Cuyón","Ají dulce","Capsicum chinense","Quintal","185","18,500.00","8,391.45","3.00","1.17","126,919.29","3.00","1.17","126,919.29","USDA plant database"
"","2013","Ponce","Coamo","Hayales","Ají dulce","Capsicum chinense","Quintal","92","9,200.00","4,173.05","3.00","1.18","126,919.28","3.00","1.18","126,919.28","USDA plant database"
"","2014","Ponce","Coamo","Hayales","Ají dulce","Capsicum chinense","Quintal","21","2,110.00","957.08","2.50","0.98","105,766.07","1.50","0.59","63,459.64","USDA plant database"
"","2015","Ponce","Coamo","Hayales","Ají dulce","Capsicum chinense","Quintal","57","5,700.00","2,585.48","1.50","0.59","63,459.64","1.50","0.59","63,459.64","USDA plant database"
"","2016","Ponce","Coamo","Hayales","Ají dulce","Capsicum chinense","Quintal","51","5,120.00","2,322.39","2.80","1.09","118,458.00","1.80","0.70","76,151.57","USDA plant database"
"","2016","San Germán","Guánica","Montalva","Arándano","Vaccinium spp.","Quintal","0","0.00","0.00","0.25","0.10","10,576.61","0.00","0.00","0.00","USDA plant database"
"","2015","Ponce","Coamo","Los Llanos","Ají dulce","Capsicum chinense","Quintal","4","400.00","181.44","1.00","0.39","42,306.43","1.00","0.39","42,306.43","USDA plant database"
"","2016","Ponce","Coamo","Los Llanos","Ají dulce","Capsicum chinense","Quintal","100","10,000.00","4,535.92","1.00","0.39","42,306.43","1.00","0.39","42,306.43","USDA plant database"
"","2015","Ponce","Coamo","Los Llanos","Ají dulce - en bancos","Capsicum chinense","Quintal","27","2,730.00","1,238.31","0.27","0.11","11,550.00","0.04","0.02","1,848.00","USDA plant database"
"","2016","Ponce","Coamo","Los Llanos","Ají dulce - en bancos","Capsicum chinense","Quintal","27","2,730.00","1,238.31","0.27","0.11","11,550.00","0.04","0.02","1,848.00","USDA plant database"
"","2013","Ponce","Coamo","Palmarejo","Ají dulce","Capsicum chinense","Quintal","71","7,176.00","3,254.98","500.00","196.52","21,153,213.20","400.00","157.22","16,922,570.56","USDA plant database"
"","2016","Ponce","Coamo","Palmarejo","Ají dulce","Capsicum chinense","Quintal","5","521.00","236.32","1.00","0.39","42,306.43","1.00","0.39","42,306.43","USDA plant database"
"","2013","Mayagüez","Isabela","Galateo Alto","Ají dulce","Capsicum chinense","Quintal","340","34,000.00","15,422.13","2.75","1.08","116,342.67","2.75","1.08","116,342.67","USDA plant database"
"","2013","Ponce","Coamo","Pasto","Ají dulce","Capsicum chinense","Quintal","140","14,000.00","6,350.29","2.00","0.78","84,612.86","2.00","0.78","84,612.86","USDA plant database"
"","2014","Ponce","Coamo","Pasto","Ají dulce","Capsicum chinense","Quintal","180","18,000.00","8,164.66","5.00","1.96","211,532.14","3.00","1.18","126,919.28","USDA plant database"
"","2015","Ponce","Coamo","Pasto","Ají dulce","Capsicum chinense","Quintal","508","50,800.00","23,042.48","7.50","2.95","317,298.20","2.50","0.98","105,766.07","USDA plant database"
"","2016","Ponce","Coamo","Pasto","Ají dulce","Capsicum chinense","Quintal","270","27,000.00","12,246.99","7.75","3.05","327,874.81","7.75","3.05","327,874.81","USDA plant database"
"","2013","Ponce","Coamo","Pedro García","Ají dulce","Capsicum chinense","Quintal","50","5,000.00","2,267.96","2.00","0.78","84,612.86","2.00","0.78","84,612.86","USDA plant database"
"","2014","Ponce","Coamo","Pedro García","Ají dulce","Capsicum chinense","Quintal","40","4,000.00","1,814.37","1.50","0.59","63,459.64","1.50","0.59","63,459.64","USDA plant database"
"","2015","Ponce","Coamo","Pedro García","Ají dulce","Capsicum chinense","Quintal","540","54,000.00","24,493.97","4.00","1.57","169,225.71","4.00","1.57","169,225.71","USDA plant database"
"","2016","Ponce","Coamo","Pedro García","Ají dulce","Capsicum chinense","Quintal","540","54,000.00","24,493.97","4.00","1.57","169,225.71","4.00","1.57","169,225.71","USDA plant database"
"","2013","Ponce","Coamo","Pulguillas","Ají dulce","Capsicum chinense","Quintal","500","50,000.00","22,679.60","5.00","1.97","211,532.13","5.00","1.97","211,532.13","USDA plant database"
"","2014","Ponce","Coamo","Pulguillas","Ají dulce","Capsicum chinense","Quintal","500","50,000.00","22,679.60","5.00","1.97","211,532.13","5.00","1.97","211,532.13","USDA plant database"
"","2015","Ponce","Coamo","Pulguillas","Ají dulce - hidropónico","Capsicum chinense","Quintal","80","8,000.00","3,628.74","0.23","0.09","9,799.00","0.02","0.01","1,000.00","USDA plant database"
"","2016","Caguas","Las Piedras","Tejas","Ají dulce","Capsicum chinense","Quintal","6","600.00","272.16","0.25","0.10","10,576.61","0.25","0.10","10,576.61","USDA plant database"
"","2015","Ponce","Coamo","Pulguillas","Ají picante habanero","Capsicum chinense","Quintal","521","52,100.00","23,632.14","1.00","0.39","42,306.43","1.00","0.39","42,306.43","USDA plant database"
"","2016","Ponce","Coamo","Pulguillas","Ají picante habanero","Capsicum chinense","Quintal","521","52,100.00","23,632.14","1.00","0.39","42,306.43","1.00","0.39","42,306.43","USDA plant database"
"","2015","Ponce","Coamo","San Ildefonso","Ají dulce","Capsicum chinense","Quintal","50","5,000.00","2,267.96","0.50","0.20","21,153.21","0.50","0.20","21,153.21","USDA plant database"
"","2016","Ponce","Coamo","San Ildefonso","Ají dulce","Capsicum chinense","Quintal","40","4,000.00","1,814.37","2.00","0.79","84,612.85","2.00","0.79","84,612.85","USDA plant database"
"","2014","Ponce","Coamo","Santa Catalina","Ají dulce","Capsicum chinense","Quintal","65","6,500.00","2,948.35","0.50","0.20","21,153.21","0.50","0.20","21,153.21","USDA plant database"
"","2015","Naranjito","Comerío","Naranjo","Ají dulce","Capsicum chinense","Quintal","12","1,200.00","544.31","2.00","0.79","84,612.85","1.00","0.39","42,306.43","USDA plant database"
"","2016","Naranjito","Comerío","Naranjo","Ají dulce","Capsicum chinense","Quintal","14","1,400.00","635.03","1.50","0.59","63,459.64","1.50","0.59","63,459.64","USDA plant database"
"","2016","Naranjito","Comerío","Palomas","Ají dulce","Capsicum chinense","Quintal","158","15,800.00","7,166.75","12.00","4.72","507,677.13","9.00","3.54","380,757.85","USDA plant database"
"","2015","Naranjito","Comerío","Piñas","Ají dulce","Capsicum chinense","Quintal","57","5,700.00","2,585.47","2.00","0.78","84,612.86","1.35","0.53","57,113.68","USDA plant database"
"","2016","Naranjito","Comerío","Piñas","Ají dulce","Capsicum chinense","Quintal","45","4,500.00","2,041.16","2.00","0.79","84,612.85","2.00","0.79","84,612.85","USDA plant database"
"","2013","Naranjito","Comerío","Río Hondo","Ají dulce","Capsicum chinense","Quintal","0","0.00","0.00","2.00","0.79","84,612.85","0.00","0.00","0.00","USDA plant database"
"","2014","Naranjito","Comerío","Río Hondo","Ají dulce","Capsicum chinense","Quintal","330","33,000.00","14,968.54","4.00","1.57","169,225.71","4.00","1.57","169,225.71","USDA plant database"
"","2015","Naranjito","Comerío","Río Hondo","Ají dulce","Capsicum chinense","Quintal","26","2,600.00","1,179.34","1.75","0.69","74,036.25","1.25","0.49","52,883.04","USDA plant database"
"","2013","Naranjito","Corozal","Abras","Ají dulce","Capsicum chinense","Quintal","0","0.00","0.00","1.00","0.39","42,306.43","0.00","0.00","0.00","USDA plant database"
"","2014","Naranjito","Corozal","Abras","Ají dulce","Capsicum chinense","Quintal","60","6,000.00","2,721.55","1.00","0.39","42,306.43","1.00","0.39","42,306.43","USDA plant database"
"","2013","Naranjito","Corozal","Cibuco","Ají dulce","Capsicum chinense","Quintal","0","0.00","0.00","0.50","0.20","21,153.21","0.00","0.00","0.00","USDA plant database"
"","2014","Naranjito","Corozal","Cibuco","Ají dulce","Capsicum chinense","Quintal","40","4,000.00","1,814.37","0.50","0.20","21,153.21","0.50","0.20","21,153.21","USDA plant database"
"","2013","San Germán","Guánica","Susúa Baja","Brécol","Brassica oleracea","Quintal","3","300.00","136.08","0.05","0.02","2,115.32","0.05","0.02","2,115.32","USDA plant database"
"","2016","Naranjito","Corozal","Padilla","Ají dulce","Capsicum chinense","Quintal","20","2,000.00","907.18","2.00","0.79","84,612.85","2.00","0.79","84,612.85","USDA plant database"
"","2013","Naranjito","Corozal","Palmarejo","Ají dulce","Capsicum chinense","Quintal","0","0.00","0.00","1.00","0.39","42,306.43","0.00","0.00","0.00","USDA plant database"
"","2014","Naranjito","Corozal","Palmarejo","Ají dulce","Capsicum chinense","Quintal","0","0.00","0.00","1.00","0.39","42,306.43","0.00","0.00","0.00","USDA plant database"
"","2013","Naranjito","Corozal","Palmarito","Ají dulce","Capsicum chinense","Quintal","132","13,200.00","5,987.41","","","","1,201.00","472.04","50,810,018.12","USDA plant database"
"","2014","Naranjito","Corozal","Palmarito","Ají dulce","Capsicum chinense","Quintal","1,610","161,000.00","73,028.31","","","","","","","USDA plant database"
"","2015","Naranjito","Corozal","Palmarito","Ají dulce","Capsicum chinense","Quintal","6","600.00","272.16","0.50","0.20","21,153.21","0.50","0.20","21,153.21","USDA plant database"
"","2013","Naranjito","Corozal","Palos Blancos","Ají dulce","Capsicum chinense","Quintal","12","1,200.00","544.31","1.00","0.39","42,306.43","1.00","0.39","42,306.43","USDA plant database"
"","2014","Naranjito","Corozal","Palos Blancos","Ají dulce","Capsicum chinense","Quintal","80","8,000.00","3,628.74","1.00","0.39","42,306.43","1.00","0.39","42,306.43","USDA plant database"
"","2014","Arecibo","Dorado","Higuillar","Ají dulce","Capsicum chinense","Quintal","","","","1.00","0.39","42,306.43","1.00","0.39","42,306.43","USDA plant database"
"","2016","Caguas","Fajardo","Florencio","Ají dulce","Capsicum chinense","Quintal","20","2,000.00","907.18","0.25","0.10","10,576.61","0.25","0.10","10,576.61","USDA plant database"
"","2013","Caguas","Fajardo","Quebrada Vueltas","Ají dulce","Capsicum chinense","Quintal","60","6,000.00","2,721.55","1.00","0.39","42,306.43","1.00","0.39","42,306.43","USDA plant database"
"","2014","Caguas","Fajardo","Quebrada Vueltas","Ají dulce","Capsicum chinense","Quintal","60","6,000.00","2,721.55","1.00","0.39","42,306.43","1.00","0.39","42,306.43","USDA plant database"
"","2015","Caguas","Fajardo","Quebrada Vueltas","Ají dulce","Capsicum chinense","Quintal","120","12,000.00","5,443.10","2.00","0.79","84,612.85","2.00","0.79","84,612.85","USDA plant database"
"","2016","Caguas","Fajardo","Quebrada Vueltas","Ají dulce","Capsicum chinense","Quintal","180","18,000.00","8,164.66","3.00","1.18","126,919.28","3.00","1.18","126,919.28","USDA plant database"
"","2014","Caguas","Fajardo","Río Arriba","Ají dulce","Capsicum chinense","Quintal","125","12,500.00","5,669.90","2.50","0.98","105,766.07","2.50","0.98","105,766.07","USDA plant database"
"","2016","Caguas","Fajardo","Río Arriba","Ají dulce","Capsicum chinense","Quintal","60","6,000.00","2,721.55","0.50","0.20","21,153.21","0.50","0.20","21,153.21","USDA plant database"
"","2013","San Germán","Guánica","Caño","Ají dulce","Capsicum chinense","Quintal","14","1,481.00","671.77","3.90","1.53","164,995.06","3.90","1.53","164,995.06","USDA plant database"
"","2015","San Germán","Guánica","Caño","Ají dulce","Capsicum chinense","Quintal","27","2,704.00","1,226.51","3.70","1.45","156,533.78","3.70","1.45","156,533.78","USDA plant database"
"","2016","San Germán","Guánica","Caño","Ají dulce","Capsicum chinense","Quintal","40","4,000.00","1,814.37","5.00","1.97","211,532.13","5.00","1.97","211,532.13","USDA plant database"
"","2013","San Germán","Guánica","Carenero","Ají dulce","Capsicum chinense","Quintal","60","6,000.00","2,721.55","3.00","1.18","126,919.28","3.00","1.18","126,919.28","USDA plant database"
"","2014","San Germán","Guánica","Carenero","Ají dulce","Capsicum chinense","Quintal","60","6,000.00","2,721.55","3.00","1.18","126,919.28","3.00","1.18","126,919.28","USDA plant database"
"","2015","San Germán","Guánica","Carenero","Ají dulce","Capsicum chinense","Quintal","20","2,000.00","907.18","2.00","0.79","84,612.85","2.00","0.79","84,612.85","USDA plant database"
"","2016","San Germán","Guánica","Carenero","Ají dulce","Capsicum chinense","Quintal","50","5,000.00","2,267.96","5.00","1.97","211,532.13","5.00","1.97","211,532.13","USDA plant database"
"","2014","Mayagüez","Isabela","Galateo Alto","Ají dulce","Capsicum chinense","Quintal","300","30,000.00","13,607.76","2.00","0.79","84,612.85","2.00","0.79","84,612.85","USDA plant database"
"","2013","San Germán","Guánica","Ciénaga","Ají dulce","Capsicum chinense","Quintal","1,210","121,000.00","54,884.63","10.00","3.93","423,064.26","10.00","3.93","423,064.26","USDA plant database"
"","2014","San Germán","Guánica","Ciénaga","Ají dulce","Capsicum chinense","Quintal","1,060","106,000.00","48,080.75","9.00","3.54","380,757.84","9.00","3.54","380,757.84","USDA plant database"
"","2022","3","Aguada","Barrio Pueblo","Mataderos","","","","","","","","","","","","No aparece en la base de datos del USDA' target='_blank'>No aparece en la base de datos del USDA"
"","2022","2","Arecibo","Miraflores","Vaquerías","","","","","","","","","","","","No aparece en la base de datos del USDA' target='_blank'>No aparece en la base de datos del USDA"
"","2015","San Germán","Guánica","Ciénaga","Ají dulce","Capsicum chinense","Quintal","1,030","103,000.00","46,719.97","15.00","5.90","634,596.40","13.00","5.11","549,983.55","USDA plant database"
"","2016","San Germán","Guánica","Ciénaga","Ají dulce","Capsicum chinense","Quintal","1,230","123,000.00","55,791.81","17.00","6.69","719,209.25","17.00","6.69","719,209.25","USDA plant database"
"","2016","Mayagüez","Isabela","Galateo Alto","Ají dulce","Capsicum chinense","Quintal","480","48,000.00","21,772.42","5.00","1.96","211,532.14","5.00","1.96","211,532.14","USDA plant database"
"","2013","San Germán","Guánica","Susúa Baja","Ají dulce","Capsicum chinense","Quintal","231","23,100.00","10,477.98","4.00","1.57","169,225.71","4.00","1.57","169,225.71","USDA plant database"
"","2014","San Germán","Guánica","Susúa Baja","Ají dulce","Capsicum chinense","Quintal","521","52,100.00","23,632.14","6.30","2.48","266,530.49","6.30","2.48","266,530.49","USDA plant database"
"","2015","San Germán","Guánica","Susúa Baja","Ají dulce","Capsicum chinense","Quintal","170","17,077.00","7,745.99","4.25","1.68","179,802.31","4.25","1.68","179,802.31","USDA plant database"
"","2016","San Germán","Guánica","Susúa Baja","Ají dulce","Capsicum chinense","Quintal","207","20,785.00","9,427.91","3.00","1.18","126,919.28","3.00","1.18","126,919.28","USDA plant database"
"","2015","San Germán","Guánica","Susúa Baja","Brécol","Brassica oleracea","Quintal","3","300.00","136.08","0.90","0.35","38,075.78","0.90","0.35","38,075.78","USDA plant database"
"","2016","San Germán","Guánica","Susúa Baja","Brécol","Brassica oleracea","Quintal","19","1,991.00","903.10","2.00","0.79","84,612.85","2.00","0.79","84,612.85","USDA plant database"
"","2016","Caguas","Guayama","Caimital","Ají dulce - en bancos","Capsicum chinense","Quintal","150","15,000.00","6,803.88","0.38","0.15","16,000.00","0.38","0.15","16,000.00","USDA plant database"
"","2015","Utuado","Jayuya","Mameyes Arriba","Achachairú","Garcinia spp.","Quintal","50","5,000.00","2,267.96","10.00","3.93","423,064.26","0.50","0.20","21,153.21","USDA plant database"
"","2015","Mayagüez","Moca","Voladoras","Ají dulce","Capsicum chinense","Quintal","30","3,000.00","1,360.78","0.30","0.12","12,691.93","0.30","0.12","12,691.93","USDA plant database"
"","2014","San Germán","Guayanilla","Boca","Ají dulce","Capsicum chinense","Quintal","200","20,000.00","9,071.84","4.00","1.57","169,225.71","4.00","1.57","169,225.71","USDA plant database"
"","2015","San Germán","Guayanilla","Boca","Ají dulce","Capsicum chinense","Quintal","200","20,000.00","9,071.84","2.00","0.79","84,612.85","2.00","0.79","84,612.85","USDA plant database"
"","2015","San Germán","Guayanilla","Llano","Ají dulce","Capsicum chinense","Quintal","10","1,045.00","474.00","0.50","0.20","21,153.21","0.50","0.20","21,153.21","USDA plant database"
"","2016","San Germán","Guayanilla","Llano","Ají dulce","Capsicum chinense","Quintal","9","907.00","411.41","0.50","0.20","21,153.21","0.50","0.20","21,153.21","USDA plant database"
"","2014","San Germán","Guayanilla","Magas","Ají dulce","Capsicum chinense","Quintal","48","4,800.00","2,177.24","1.25","0.49","52,883.03","1.25","0.49","52,883.03","USDA plant database"
"","2015","San Germán","Guayanilla","Magas","Ají dulce","Capsicum chinense","Quintal","50","5,000.00","2,267.96","2.00","0.79","84,612.85","1.00","0.39","42,306.43","USDA plant database"
"","2016","San Germán","Guayanilla","Magas","Ají dulce","Capsicum chinense","Quintal","240","24,000.00","10,886.21","1.00","0.39","42,306.43","1.00","0.39","42,306.43","USDA plant database"
"","2014","San Germán","Guayanilla","Quebradas","Ají dulce","Capsicum chinense","Quintal","2","200.00","90.72","0.50","0.20","21,153.21","0.50","0.20","21,153.21","USDA plant database"
"","2014","San Germán","Guayanilla","Quebradas","Brécol","Brassica oleracea","Quintal","100","10,000.00","4,535.92","0.01","0.00","423.06","0.01","0.00","423.06","USDA plant database"
"","2022","2","Arecibo","Miraflores","Vaquerías","","","","","","","","","","","","No aparece en la base de datos del USDA' target='_blank'>No aparece en la base de datos del USDA"
"","2022","2","Camuy","Zanja","Vaquerías","","","","","","","","","","","","No aparece en la base de datos del USDA' target='_blank'>No aparece en la base de datos del USDA"
"","2015","San Germán","Guayanilla","Sierra Baja","Ají dulce","Capsicum chinense","Quintal","15","1,500.00","680.39","2.00","0.79","84,612.85","1.00","0.39","42,306.43","USDA plant database"
"","2016","San Germán","Guayanilla","Sierra Baja","Brécol","Brassica oleracea","Quintal","107","10,700.00","4,853.43","3.60","1.41","152,303.14","3.60","1.41","152,303.14","USDA plant database"
"","2013","Caguas","Gurabo","Masa","Ají dulce","Capsicum chinense","Quintal","15","1,500.00","680.39","1.00","0.39","42,306.43","1.00","0.39","42,306.43","USDA plant database"
"","2014","Caguas","Gurabo","Masa","Ají dulce","Capsicum chinense","Quintal","15","1,500.00","680.39","1.00","0.39","42,306.43","1.00","0.39","42,306.43","USDA plant database"
"","2013","Caguas","Gurabo","Rincón","Ají dulce","Capsicum chinense","Quintal","75","7,500.00","3,401.94","0.75","0.29","31,729.82","0.75","0.29","31,729.82","USDA plant database"
"","2014","Caguas","Gurabo","Rincón","Ají dulce","Capsicum chinense","Quintal","50","5,000.00","2,267.96","0.50","0.20","21,153.21","0.50","0.20","21,153.21","USDA plant database"
"","2015","Caguas","Gurabo","Rincón","Ají dulce","Capsicum chinense","Quintal","10","1,070.00","485.34","0.50","0.20","21,153.21","0.50","0.20","21,153.21","USDA plant database"
"","2016","Caguas","Gurabo","Rincón","Ají dulce","Capsicum chinense","Quintal","720","72,000.00","32,658.62","5.00","1.97","211,532.13","5.00","1.97","211,532.13","USDA plant database"
"","2013","Arecibo","Hatillo","Aibonito","Ají dulce","Capsicum chinense","Quintal","99","9,900.00","4,490.56","7.50","2.95","317,298.20","4.95","1.95","209,416.81","USDA plant database"
"","2014","Arecibo","Hatillo","Aibonito","Ají dulce","Capsicum chinense","Quintal","99","9,900.00","4,490.56","7.00","2.75","296,144.98","4.95","1.95","209,416.81","USDA plant database"
"","2015","Arecibo","Hatillo","Aibonito","Ají dulce","Capsicum chinense","Quintal","","","","7.00","2.73","296,145.01","6.00","2.35","253,838.57","USDA plant database"
"","2016","Arecibo","Hatillo","Aibonito","Ají dulce","Capsicum chinense","Quintal","","","","7.10","2.78","300,375.64","5.75","2.25","243,261.96","USDA plant database"
"","2013","Arecibo","Hatillo","Bayaney","Ají dulce","Capsicum chinense","Quintal","40","4,000.00","1,814.37","2.50","0.98","105,766.07","1.50","0.59","63,459.64","USDA plant database"
"","2014","Arecibo","Hatillo","Bayaney","Ají dulce","Capsicum chinense","Quintal","80","8,000.00","3,628.74","2.00","0.79","84,612.85","2.00","0.79","84,612.85","USDA plant database"
"","2015","Arecibo","Hatillo","Bayaney","Ají dulce","Capsicum chinense","Quintal","6","600.00","272.16","1.50","0.59","63,459.64","1.25","0.49","52,883.04","USDA plant database"
"","2016","Arecibo","Hatillo","Bayaney","Ají dulce","Capsicum chinense","Quintal","7","700.00","317.52","1.25","0.49","52,883.04","1.25","0.49","52,883.04","USDA plant database"
"","2013","Arecibo","Hatillo","Capáez","Ají dulce","Capsicum chinense","Quintal","0","0.00","0.00","4.08","1.60","172,610.22","0.00","0.00","0.00","USDA plant database"
"","2014","Arecibo","Hatillo","Capáez","Ají dulce","Capsicum chinense","Quintal","130","13,000.00","5,896.70","4.08","1.60","172,610.22","4.08","1.60","172,610.22","USDA plant database"
"","2015","Arecibo","Hatillo","Capáez","Ají dulce","Capsicum chinense","Quintal","237","23,700.00","10,750.13","5.00","1.97","211,532.13","5.00","1.97","211,532.13","USDA plant database"
"","2016","Arecibo","Hatillo","Capáez","Ají dulce","Capsicum chinense","Quintal","130","13,000.00","5,896.70","3.00","1.18","126,919.28","3.00","1.18","126,919.28","USDA plant database"
"","2016","Utuado","Jayuya","Mameyes Arriba","Achachairú","Garcinia spp.","Quintal","25","2,500.00","1,133.98","10.00","3.93","423,064.26","0.50","0.20","21,153.21","USDA plant database"
"","2014","San Germán","Hormigueros","Benavente","Ají dulce","Capsicum chinense","Quintal","20","2,000.00","907.18","1.00","0.39","42,306.43","1.00","0.39","42,306.43","USDA plant database"
"","2016","San Germán","Hormigueros","Benavente","Ají dulce","Capsicum chinense","Quintal","12","1,200.00","544.31","0.50","0.20","21,153.21","0.50","0.20","21,153.21","USDA plant database"
"","2016","San Germán","Hormigueros","Lavadero","Ají dulce","Capsicum chinense","Quintal","1","100.00","45.36","0.02","0.01","846.13","0.02","0.01","846.13","USDA plant database"
"","2015","Mayagüez","Isabela","Galateo Alto","Ají dulce","Capsicum chinense","Quintal","240","24,000.00","10,886.21","2.50","0.99","105,766.06","2.50","0.99","105,766.06","USDA plant database"
"","2016","Caguas","Humacao","Cataño","Ají dulce","Capsicum chinense","Quintal","0","0.00","0.00","1.50","0.59","63,459.64","0.00","0.00","0.00","USDA plant database"
"","2015","Mayagüez","Isabela","Arenales Altos","Ají dulce","Capsicum chinense","Quintal","152","15,200.00","6,894.60","3.00","1.18","126,919.28","3.00","1.18","126,919.28","USDA plant database"
"","2016","Mayagüez","Isabela","Arenales Altos","Ají dulce","Capsicum chinense","Quintal","364","36,400.00","16,510.75","8.50","3.34","359,604.63","8.50","3.34","359,604.63","USDA plant database"
"","2014","Mayagüez","Isabela","Bejucos","Ají dulce","Capsicum chinense","Quintal","110","11,000.00","4,989.51","1.50","0.59","63,459.64","1.50","0.59","63,459.64","USDA plant database"
"","2013","Mayagüez","Isabela","Jobos","Ají dulce","Capsicum chinense","Quintal","1","100.00","45.36","0.25","0.10","10,576.61","0.25","0.10","10,576.61","USDA plant database"
"","2014","Mayagüez","Isabela","Jobos","Ají dulce","Capsicum chinense","Quintal","1","100.00","45.36","0.25","0.10","10,576.61","0.25","0.10","10,576.61","USDA plant database"
"","2015","Mayagüez","Isabela","Llanadas","Ají dulce","Capsicum chinense","Quintal","30","3,000.00","1,360.78","1.00","0.39","42,306.43","1.00","0.39","42,306.43","USDA plant database"
"","2016","Mayagüez","Isabela","Llanadas","Ají dulce","Capsicum chinense","Quintal","50","5,000.00","2,267.96","2.00","0.79","84,612.85","2.00","0.79","84,612.85","USDA plant database"
"","2016","Mayagüez","Isabela","Planas","Ají dulce","Capsicum chinense","Quintal","230","23,000.00","10,432.62","2.00","0.79","84,612.85","2.00","0.79","84,612.85","USDA plant database"
"","2016","Utuado","Jayuya","Coabey","Ají dulce","Capsicum chinense","Quintal","10","1,000.00","453.59","0.05","0.02","2,115.32","0.05","0.02","2,115.32","USDA plant database"
"","2013","Utuado","Jayuya","Jayuya Abajo","Ají dulce","Capsicum chinense","Quintal","20","2,000.00","907.18","0.25","0.10","10,576.61","0.25","0.10","10,576.61","USDA plant database"
"","2014","Utuado","Jayuya","Jayuya Abajo","Ají dulce","Capsicum chinense","Quintal","20","2,000.00","907.18","12.00","4.72","507,677.12","0.25","0.10","10,576.61","USDA plant database"
"","2015","Utuado","Jayuya","Jayuya Abajo","Ají dulce","Capsicum chinense","Quintal","0","40.00","18.14","50.00","19.65","2,115,321.32","50.00","19.65","2,115,321.32","USDA plant database"
"","2016","Utuado","Jayuya","Jayuya Abajo","Ají dulce","Capsicum chinense","Quintal","0","0.00","0.00","50.00","19.65","2,115,321.32","0.00","0.00","0.00","USDA plant database"
"","2013","Utuado","Jayuya","Mameyes Arriba","Ají dulce","Capsicum chinense","Quintal","8","800.00","362.87","6,000.25","2,358.34","253,849,135.10","1,000.25","393.14","42,317,003.02","USDA plant database"
"","2014","Utuado","Jayuya","Mameyes Arriba","Ají dulce","Capsicum chinense","Quintal","1,008","100,800.00","45,722.07","0.25","0.10","10,576.61","","","","USDA plant database"
"","2015","Utuado","Jayuya","Mameyes Arriba","Ají dulce","Capsicum chinense","Quintal","3","300.00","136.08","1.00","0.39","42,306.43","1.00","0.39","42,306.43","USDA plant database"
"","2016","Utuado","Jayuya","Mameyes Arriba","Ají dulce","Capsicum chinense","Quintal","6","600.00","272.16","1.00","0.39","42,306.43","1.00","0.39","42,306.43","USDA plant database"
"","2015","Utuado","Jayuya","Mameyes Arriba","Jabuticaba","Myrciaria cauliflora","Quintal","0","0.00","0.00","2.00","0.79","84,612.85","0.00","0.00","0.00","USDA plant database"
"","2015","Utuado","Jayuya","Mameyes Arriba","Rambután","Nephelium lappaceum","Quintal","0","0.00","0.00","3.00","1.18","126,919.28","0.00","0.00","0.00","USDA plant database"
"","2016","Lares","Lares","Espino","Ají dulce","Capsicum chinense","Quintal","10","1,000.00","453.59","0.50","0.20","21,153.21","0.50","0.20","21,153.21","USDA plant database"
"","2014","Mayagüez","Mayagüez","Algarrobos","Ají dulce","Capsicum chinense","Quintal","4","454.00","205.93","0.05","0.02","2,115.32","0.05","0.02","2,115.32","USDA plant database"
"","2016","Utuado","Jayuya","Pica","Rambután","Nephelium lappaceum","Quintal","0","0.00","0.00","4.00","1.57","169,225.71","0.00","0.00","0.00","USDA plant database"
"","2015","Utuado","Jayuya","Saliente","Ají dulce","Capsicum chinense","Quintal","69","6,900.00","3,129.79","3.25","1.28","137,495.89","2.25","0.88","95,189.47","USDA plant database"
"","2016","Utuado","Jayuya","Saliente","Ají dulce","Capsicum chinense","Quintal","96","9,600.00","4,354.49","3.25","1.28","137,495.89","2.25","0.88","95,189.47","USDA plant database"
"","2013","Utuado","Jayuya","Zamas","Ají dulce","Capsicum chinense","Quintal","3","300.00","136.08","0.25","0.10","10,576.61","0.25","0.10","10,576.61","USDA plant database"
"","2014","Utuado","Jayuya","Zamas","Ají dulce","Capsicum chinense","Quintal","3","300.00","136.08","0.25","0.10","10,576.61","0.25","0.10","10,576.61","USDA plant database"
"","2014","Ponce","Juana Díaz","Collores","Ají dulce","Capsicum chinense","Quintal","35","3,500.00","1,587.57","1.00","0.39","42,306.43","1.00","0.39","42,306.43","USDA plant database"
"","2015","Ponce","Juana Díaz","Collores","Ají dulce","Capsicum chinense","Quintal","17","1,700.00","771.11","0.50","0.20","21,153.21","0.50","0.20","21,153.21","USDA plant database"
"","2016","Ponce","Juana Díaz","Collores","Ají dulce","Capsicum chinense","Quintal","17","1,700.00","771.11","0.50","0.20","21,153.21","0.50","0.20","21,153.21","USDA plant database"
"","2015","Ponce","Juana Díaz","Río Cañas Abajo","Ají dulce","Capsicum chinense","Quintal","480","48,000.00","21,772.42","40.00","15.72","1,692,257.06","40.00","15.72","1,692,257.06","USDA plant database"
"","2016","Ponce","Juana Díaz","Río Cañas Abajo","Ají dulce","Capsicum chinense","Quintal","480","48,000.00","21,772.42","40.00","15.72","1,692,257.06","40.00","15.72","1,692,257.06","USDA plant database"
"","2013","Caguas","Juncos","Valenciano Abajo","Ají dulce","Capsicum chinense","Quintal","5","500.00","226.80","1.00","0.39","42,306.43","1.00","0.39","42,306.43","USDA plant database"
"","2014","Caguas","Juncos","Valenciano Abajo","Ají dulce","Capsicum chinense","Quintal","5","500.00","226.80","1.00","0.39","42,306.43","1.00","0.39","42,306.43","USDA plant database"
"","2016","Caguas","Juncos","Valenciano Abajo","Ají dulce","Capsicum chinense","Quintal","4","400.00","181.44","0.50","0.20","21,153.21","0.50","0.20","21,153.21","USDA plant database"
"","2016","Mayagüez","Mayagüez","Montoso","Ají dulce - en bancos","Capsicum chinense","Quintal","80","8,000.00","3,628.74","0.00","0.00","0.60","","","","USDA plant database"
"","2014","San Germán","Lajas","Candelaria","Ají dulce","Capsicum chinense","Quintal","30","3,000.00","1,360.78","1.00","0.39","42,306.43","1.00","0.39","42,306.43","USDA plant database"
"","2013","San Germán","Lajas","Lajas Arriba","Ají dulce","Capsicum chinense","Quintal","16","1,690.00","766.57","1.00","0.39","42,306.43","1.00","0.39","42,306.43","USDA plant database"
"","2015","San Germán","Lajas","Lajas Arriba","Ají dulce","Capsicum chinense","Quintal","8","869.00","394.17","0.17","0.07","7,192.09","0.17","0.07","7,192.09","USDA plant database"
"","2016","San Germán","Lajas","Lajas Arriba","Ají dulce","Capsicum chinense","Quintal","20","2,000.00","907.18","0.30","0.12","12,691.93","0.30","0.12","12,691.93","USDA plant database"
"","2015","San Germán","Lajas","Llanos","Ají dulce","Capsicum chinense","Quintal","95","9,500.00","4,309.12","0.50","0.20","21,153.21","0.50","0.20","21,153.21","USDA plant database"
"","2016","San Germán","Lajas","Llanos","Ají dulce","Capsicum chinense","Quintal","200","20,000.00","9,071.84","1.00","0.39","42,306.43","1.00","0.39","42,306.43","USDA plant database"
"","2014","San Germán","Lajas","París","Ají dulce","Capsicum chinense","Quintal","0","0.00","0.00","0.50","0.20","21,153.21","0.00","0.00","0.00","USDA plant database"
"","2016","Mayagüez","Moca","Voladoras","Ají dulce","Capsicum chinense","Quintal","28","2,800.00","1,270.06","0.50","0.20","21,153.21","0.50","0.20","21,153.21","USDA plant database"
"","2015","Lares","Lares","Bartolo","Rambután","Nephelium lappaceum","Quintal","0","0.00","0.00","2.00","0.79","84,612.85","0.00","0.00","0.00","USDA plant database"
"","2016","Lares","Lares","Bartolo","Rambután","Nephelium lappaceum","Quintal","0","0.00","0.00","2.00","0.79","84,612.85","0.00","0.00","0.00","USDA plant database"
"","2014","Lares","Lares","Buenos Aires","Ají dulce","Capsicum chinense","Quintal","4,000","400,000.00","181,436.80","0.00","0.00","0.00","","","","USDA plant database"
"","2014","Lares","Lares","Buenos Aires","China minneola","Citrus x tangelo","Millar","6","2,133.31","967.65","1.00","0.39","42,306.43","1.00","0.39","42,306.43","USDA plant database"
"","2013","Lares","Lares","Espino","Ají dulce","Capsicum chinense","Quintal","196","19,600.00","8,890.40","","","","","","","USDA plant database"
"","2014","Lares","Lares","Espino","Ají dulce","Capsicum chinense","Quintal","26,670","2,667,000.00","1,209,729.86","","","","","","","USDA plant database"
"","2013","Lares","Lares","La Torre","Ají dulce","Capsicum chinense","Quintal","480","48,000.00","21,772.42","","","","0.00","0.00","0.00","USDA plant database"
"","2016","Lares","Lares","Piletas","Ají dulce","Capsicum chinense","Quintal","0","60.00","27.22","0.25","0.10","10,576.61","0.25","0.10","10,576.61","USDA plant database"
"","2015","Lares","Lares","Pezuela","Ají dulce","Capsicum chinense","Quintal","13","1,300.00","589.67","0.50","0.20","21,153.22","0.50","0.20","21,153.22","USDA plant database"
"","2014","Naranjito","Morovis","Fránquez","Ají dulce","Capsicum chinense","Quintal","12,265","1,226,500.00","556,330.59","","","","","","","USDA plant database"
"","2013","Lares","Lares","Piletas","Ají dulce","Capsicum chinense","Quintal","8","800.00","362.87","0.50","0.20","21,153.21","0.50","0.20","21,153.21","USDA plant database"
"","2014","Lares","Lares","Piletas","Ají dulce","Capsicum chinense","Quintal","12","1,200.00","544.31","1.00","0.39","42,306.43","1.00","0.39","42,306.43","USDA plant database"
"","2015","Lares","Lares","Piletas","Ají dulce","Capsicum chinense","Quintal","7","700.00","317.51","0.50","0.20","21,153.21","0.50","0.20","21,153.21","USDA plant database"
"","2014","Lares","Las Marías","Maravilla Norte","Ají dulce","Capsicum chinense","Quintal","8","800.00","362.87","0.50","0.20","21,153.21","0.50","0.20","21,153.21","USDA plant database"
"","2016","Lares","Las Marías","Buena Vista","Ají dulce","Capsicum chinense","Quintal","0","0.00","0.00","1.00","0.39","42,306.43","0.00","0.00","0.00","USDA plant database"
"","2015","Lares","Las Marías","Maravilla Norte","Ají dulce","Capsicum chinense","Quintal","60","6,000.00","2,721.55","1.00","0.39","42,306.43","1.00","0.39","42,306.43","USDA plant database"
"","2015","Lares","Las Marías","Buena Vista","Achachairú","Garcinia spp.","Quintal","4","400.00","181.44","0.08","0.03","3,384.51","0.08","0.03","3,384.51","USDA plant database"
"","2016","Lares","Las Marías","Furnias","Ají dulce","Capsicum chinense","Quintal","0","0.00","0.00","1.00","0.39","42,306.43","0.00","0.00","0.00","USDA plant database"
"","2016","Lares","Las Marías","Maravilla Norte","Ají dulce","Capsicum chinense","Quintal","15","1,500.00","680.39","1.00","0.39","42,306.43","1.00","0.39","42,306.43","USDA plant database"
"","2022","2","Camuy","Zanja","Vaquerías","","","","","","","","","","","","No aparece en la base de datos del USDA' target='_blank'>No aparece en la base de datos del USDA"
"","2022","2","Camuy","Zanja","Vaquerías","","","","","","","","","","","","No aparece en la base de datos del USDA' target='_blank'>No aparece en la base de datos del USDA"
"","2015","Lares","Las Marías","Furnias","Rambután","Nephelium lappaceum","Quintal","30","3,000.00","1,360.78","5.00","1.97","211,532.13","0.50","0.20","21,153.21","USDA plant database"
"","2016","Lares","Las Marías","Furnias","Rambután","Nephelium lappaceum","Quintal","30","3,000.00","1,360.78","5.00","1.97","211,532.13","0.50","0.20","21,153.21","USDA plant database"
"","2014","Lares","Las Marías","Maravilla Este","Ají dulce","Capsicum chinense","Quintal","108","10,800.00","4,898.79","2.00","0.79","84,612.85","2.00","0.79","84,612.85","USDA plant database"
"","2013","Lares","Las Marías","Maravilla Norte","Ají dulce","Capsicum chinense","Quintal","4","400.00","181.44","0.25","0.10","10,576.61","0.25","0.10","10,576.61","USDA plant database"
"","2016","Lares","Maricao","Indiera Fría","Ají dulce","Capsicum chinense","Quintal","70","7,000.00","3,175.15","4.00","1.58","169,225.70","4.00","1.58","169,225.70","USDA plant database"
"","2016","Lares","Las Marías","Palma Escrita","Ají dulce","Capsicum chinense","Quintal","40","4,000.00","1,814.37","0.50","0.20","21,153.21","0.50","0.20","21,153.21","USDA plant database"
"","2013","Naranjito","Morovis","Morovis Sur","Ají dulce","Capsicum chinense","Quintal","40","4,030.00","1,827.98","1.00","0.39","42,306.43","0.50","0.20","21,153.21","USDA plant database"
"","2014","Caguas","Las Piedras","El Río","Ají dulce","Capsicum chinense","Quintal","300","30,000.00","13,607.76","3.00","1.18","126,919.28","3.00","1.18","126,919.28","USDA plant database"
"","2016","Caguas","Las Piedras","Montones","Ají dulce","Capsicum chinense","Quintal","60","6,000.00","2,721.55","1.00","0.39","42,306.43","1.00","0.39","42,306.43","USDA plant database"
"","2013","Caguas","Loíza","Canóvanas","Ají dulce","Capsicum chinense","Quintal","100","10,000.00","4,535.92","1.00","0.39","42,306.43","1.00","0.39","42,306.43","USDA plant database"
"","2015","Caguas","Loíza","Medianía Baja","Achachairú","Garcinia spp.","Quintal","22","2,200.00","997.90","4.00","1.57","169,225.71","4.00","1.57","169,225.71","USDA plant database"
"","2016","Caguas","Loíza","Medianía Baja","Achachairú","Garcinia spp.","Quintal","22","2,200.00","997.90","4.00","1.57","169,225.71","4.00","1.57","169,225.71","USDA plant database"
"","2013","Caguas","Luquillo","Mata de Plátano","Ají dulce","Capsicum chinense","Quintal","35","3,500.00","1,587.57","0.50","0.20","21,153.21","0.50","0.20","21,153.21","USDA plant database"
"","2014","Caguas","Luquillo","Mata de Plátano","Ají dulce","Capsicum chinense","Quintal","60","6,000.00","2,721.55","1.00","0.39","42,306.43","1.00","0.39","42,306.43","USDA plant database"
"","2015","Caguas","Luquillo","Mata de Plátano","Ají dulce","Capsicum chinense","Quintal","35","3,500.00","1,587.57","0.50","0.20","21,153.21","0.50","0.20","21,153.21","USDA plant database"
"","2016","Caguas","Luquillo","Mata de Plátano","Ají dulce","Capsicum chinense","Quintal","35","3,500.00","1,587.57","0.50","0.20","21,153.21","0.50","0.20","21,153.21","USDA plant database"
"","2013","Arecibo","Manatí","Bajura Adentro","Ají dulce","Capsicum chinense","Quintal","40","4,092.00","1,856.10","2.00","0.79","84,612.85","2.00","0.79","84,612.85","USDA plant database"
"","2014","Arecibo","Manatí","Bajura Adentro","Ají dulce","Capsicum chinense","Quintal","60","6,000.00","2,721.55","4.00","1.57","169,225.71","4.00","1.57","169,225.71","USDA plant database"
"","2015","Arecibo","Manatí","Río Arriba Poniente","Ají dulce","Capsicum chinense","Quintal","24","2,450.00","1,111.30","2.25","0.89","95,189.46","2.25","0.89","95,189.46","USDA plant database"
"","2016","Arecibo","Manatí","Río Arriba Poniente","Ají dulce","Capsicum chinense","Quintal","11","1,100.00","498.95","1.00","0.39","42,306.43","1.00","0.39","42,306.43","USDA plant database"
"","2015","Lares","Las Marías","Palma Escrita","Chironja","Citrus paradisi × Citrus sinensis","Millar","15","4,999.95","2,267.94","1.21","0.47","51,190.78","1.21","0.47","51,190.78","No aparece en la base de datos del USDA' target='_blank'>No aparece en la base de datos del USDA"
"","2022","3","Mayagüez","Guanajibo","Hidropónicos","","","","","","","","","","","","No aparece en la base de datos del USDA' target='_blank'>No aparece en la base de datos del USDA"
"","2022","4","Guayama","Carmen","Hidropónicos","","","","","","","","","","","","No aparece en la base de datos del USDA' target='_blank'>No aparece en la base de datos del USDA"
"","2015","Arecibo","Manatí","Tierras Nuevas Poniente","Brécol","Brassica oleracea","Quintal","5","500.00","226.80","1.00","0.39","42,306.43","1.00","0.39","42,306.43","USDA plant database"
"","2016","Arecibo","Manatí","Tierras Nuevas Poniente","Brécol","Brassica oleracea","Quintal","5","500.00","226.80","1.00","0.39","42,306.43","1.00","0.39","42,306.43","USDA plant database"
"","2015","Arecibo","Manatí","Tierras Nuevas Poniente","Orégano - seco","Oregano spp.","Quintal","2","200.00","90.72","0.50","0.20","21,153.21","0.50","0.20","21,153.21","No aparece en la base de datos del USDA' target='_blank'>No aparece en la base de datos del USDA"
"","2016","Arecibo","Manatí","Tierras Nuevas Poniente","Orégano - seco","Oregano spp.","Quintal","2","200.00","90.72","0.50","0.20","21,153.21","0.50","0.20","21,153.21","No aparece en la base de datos del USDA' target='_blank'>No aparece en la base de datos del USDA"
"","2015","Lares","Maricao","Indiera Fría","Ají dulce","Capsicum chinense","Quintal","100","10,000.00","4,535.92","2.00","0.79","84,612.85","2.00","0.79","84,612.85","USDA plant database"
"","2015","Caguas","Maunabo","Calzada","Ají dulce","Capsicum chinense","Quintal","10","1,000.00","453.59","0.50","0.20","21,153.21","0.50","0.20","21,153.21","USDA plant database"
"","2013","Caguas","Maunabo","Quebrada Arenas","Ají dulce","Capsicum chinense","Quintal","30","3,000.00","1,360.78","0.25","0.10","10,576.61","0.25","0.10","10,576.61","USDA plant database"
"","2014","Caguas","Maunabo","Quebrada Arenas","Ají dulce","Capsicum chinense","Quintal","30","3,000.00","1,360.78","0.25","0.10","10,576.61","0.25","0.10","10,576.61","USDA plant database"
"","2013","Mayagüez","Mayagüez","Algarrobos","Ají dulce","Capsicum chinense","Quintal","1","159.00","72.12","0.01","0.00","423.06","0.01","0.00","423.06","USDA plant database"
"","2014","Caguas","Maunabo","Talante","Ají dulce","Capsicum chinense","Quintal","15","1,500.00","680.39","0.25","0.10","10,576.61","0.25","0.10","10,576.61","USDA plant database"
"","2015","Mayagüez","Mayagüez","Bateyes","Ají dulce","Capsicum chinense","Quintal","0","60.00","27.22","0.10","0.04","4,230.64","0.10","0.04","4,230.64","USDA plant database"
"","2016","Mayagüez","Mayagüez","Bateyes","Ají dulce","Capsicum chinense","Quintal","2","200.00","90.72","0.10","0.04","4,230.64","0.10","0.04","4,230.64","USDA plant database"
"","2013","Mayagüez","Moca","Voladoras","Ají dulce","Capsicum chinense","Quintal","100","10,000.00","4,535.92","2.00","0.79","84,612.85","2.00","0.79","84,612.85","USDA plant database"
"","2015","Mayagüez","Mayagüez","Sabanetas","Ají dulce","Capsicum chinense","Quintal","46","4,600.00","2,086.52","0.50","0.20","21,153.21","0.50","0.20","21,153.21","USDA plant database"
"","2016","Mayagüez","Mayagüez","Sabanetas","Ají dulce","Capsicum chinense","Quintal","0","0.00","0.00","4.00","1.57","169,225.71","0.00","0.00","0.00","USDA plant database"
"","2013","Mayagüez","Moca","Aceitunas","Ají dulce","Capsicum chinense","Quintal","4","420.00","190.51","0.25","0.10","10,576.61","0.25","0.10","10,576.61","USDA plant database"
"","2014","Mayagüez","Moca","Aceitunas","Ají dulce","Capsicum chinense","Quintal","80","8,000.00","3,628.74","0.25","0.10","10,576.61","0.25","0.10","10,576.61","USDA plant database"
"","2015","Mayagüez","Moca","Aceitunas","Ají dulce","Capsicum chinense","Quintal","156","15,600.00","7,076.04","1.75","0.69","74,036.25","1.75","0.69","74,036.25","USDA plant database"
"","2016","Mayagüez","Moca","Aceitunas","Ají dulce","Capsicum chinense","Quintal","367","36,700.00","16,646.83","5.25","2.06","222,108.75","5.25","2.06","222,108.75","USDA plant database"
"","2013","Mayagüez","Moca","Cerro Gordo","Ají dulce","Capsicum chinense","Quintal","35","3,500.00","1,587.57","1.00","0.39","42,306.43","1.00","0.39","42,306.43","USDA plant database"
"","2014","Mayagüez","Moca","Cerro Gordo","Ají dulce","Capsicum chinense","Quintal","92","9,223.00","4,183.48","1.87","0.74","79,113.01","1.87","0.74","79,113.01","USDA plant database"
"","2015","Mayagüez","Moca","Cerro Gordo","Ají dulce","Capsicum chinense","Quintal","201","20,100.00","9,117.20","2.55","1.01","107,881.38","2.55","1.01","107,881.38","USDA plant database"
"","2016","Mayagüez","Moca","Cerro Gordo","Ají dulce","Capsicum chinense","Quintal","157","15,700.00","7,121.39","2.40","0.95","101,535.42","2.40","0.95","101,535.42","USDA plant database"
"","2014","Mayagüez","Moca","Voladoras","Ají dulce","Capsicum chinense","Quintal","150","15,000.00","6,803.88","3.00","1.18","126,919.28","3.00","1.18","126,919.28","USDA plant database"
"","2016","Mayagüez","Moca","Marías","Ají dulce","Capsicum chinense","Quintal","25","2,500.00","1,133.98","0.45","0.18","19,037.90","0.25","0.10","10,576.61","USDA plant database"
"","2013","Mayagüez","Moca","Naranjo","Ají dulce","Capsicum chinense","Quintal","19","1,900.00","861.82","1.00","0.39","42,306.43","1.00","0.39","42,306.43","USDA plant database"
"","2014","Mayagüez","Moca","Naranjo","Ají dulce","Capsicum chinense","Quintal","19","1,900.00","861.82","1.00","0.39","42,306.43","1.00","0.39","42,306.43","USDA plant database"
"","2014","Naranjito","Morovis","Morovis Sur","Ají dulce","Capsicum chinense","Quintal","100","10,000.00","4,535.92","1.00","0.39","42,306.43","1.00","0.39","42,306.43","USDA plant database"
"","2013","Mayagüez","Moca","Plata","Ají dulce","Capsicum chinense","Quintal","5","500.00","226.80","0.50","0.20","21,153.21","0.50","0.20","21,153.21","USDA plant database"
"","2014","Mayagüez","Moca","Plata","Ají dulce","Capsicum chinense","Quintal","52","5,200.00","2,358.68","1.50","0.59","63,459.64","1.50","0.59","63,459.64","USDA plant database"
"","2015","Mayagüez","Moca","Plata","Ají dulce","Capsicum chinense","Quintal","80","8,000.00","3,628.74","3.00","1.18","126,919.28","3.00","1.18","126,919.28","USDA plant database"
"","2016","Mayagüez","Moca","Plata","Ají dulce","Capsicum chinense","Quintal","70","7,000.00","3,175.14","2.25","0.89","95,189.46","2.25","0.89","95,189.46","USDA plant database"
"","2015","Mayagüez","Moca","Voladoras","Rambután","Nephelium lappaceum","Quintal","0","0.00","0.00","0.05","0.02","2,115.32","0.00","0.00","0.00","USDA plant database"
"","2016","Mayagüez","Moca","Voladoras","Rambután","Nephelium lappaceum","Quintal","0","0.00","0.00","0.05","0.02","2,115.32","0.00","0.00","0.00","USDA plant database"
"","2015","Naranjito","Morovis","Vaga","Ají dulce","Capsicum chinense","Quintal","5","500.00","226.80","0.25","0.10","10,576.61","0.25","0.10","10,576.61","USDA plant database"
"","2013","Naranjito","Morovis","Fránquez","Ají dulce","Capsicum chinense","Quintal","670","67,000.00","30,390.66","","","","","","","USDA plant database"
"","2015","Naranjito","Morovis","Fránquez","Ají dulce - hidropónico","Capsicum chinense","Quintal","578","57,813.00","26,223.51","0.92","0.36","38,820.00","0.20","0.08","8,259.00","USDA plant database"
"","2016","Naranjito","Morovis","Fránquez","Ají dulce - hidropónico","Capsicum chinense","Quintal","716","71,638.00","32,494.42","1.14","0.45","48,100.00","0.24","0.10","10,234.00","USDA plant database"
"","2015","Naranjito","Morovis","Morovis Sur","Ají dulce - hidropónico","Capsicum chinense","Quintal","14","1,440.00","653.17","0.04","0.02","1,800.00","0.01","0.00","400.00","USDA plant database"
"","2016","Naranjito","Morovis","Morovis Sur","Ají dulce - hidropónico","Capsicum chinense","Quintal","15","1,500.00","680.39","0.04","0.02","1,800.00","0.01","0.00","400.00","USDA plant database"
"","2013","Caguas","Naguabo","Maizales","Ají dulce","Capsicum chinense","Quintal","10","1,000.00","453.59","2.00","0.79","84,612.85","2.00","0.79","84,612.85","USDA plant database"
"","2014","Caguas","Naguabo","Maizales","Ají dulce","Capsicum chinense","Quintal","10","1,000.00","453.59","3.00","1.18","126,919.28","2.00","0.79","84,612.85","USDA plant database"
"","2015","Caguas","Naguabo","Mariana","Ají dulce","Capsicum chinense","Quintal","72","7,200.00","3,265.86","3.00","1.18","126,919.28","3.00","1.18","126,919.28","USDA plant database"
"","2016","Caguas","Naguabo","Mariana","Ají dulce","Capsicum chinense","Quintal","80","8,000.00","3,628.74","4.00","1.57","169,225.71","4.00","1.57","169,225.71","USDA plant database"
"","2014","Caguas","Naguabo","Río Blanco","Ají dulce","Capsicum chinense","Quintal","15","1,500.00","680.39","0.50","0.20","21,153.21","0.50","0.20","21,153.21","USDA plant database"
"","2013","Naranjito","Naranjito","Anones","Ají dulce","Capsicum chinense","Quintal","3","300.00","136.08","0.25","0.10","10,576.61","0.25","0.10","10,576.61","USDA plant database"
"","2014","Naranjito","Naranjito","Anones","Ají dulce","Capsicum chinense","Quintal","3","300.00","136.08","0.25","0.10","10,576.61","0.25","0.10","10,576.61","USDA plant database"
"","2015","Naranjito","Naranjito","Anones","Ají dulce","Capsicum chinense","Quintal","113","11,300.00","5,125.59","3.00","1.19","126,919.27","2.75","1.09","116,342.67","USDA plant database"
"","2016","Naranjito","Naranjito","Anones","Ají dulce","Capsicum chinense","Quintal","115","11,500.00","5,216.31","2.75","1.09","116,342.67","2.75","1.09","116,342.67","USDA plant database"
"","2014","Caguas","Patillas","Marín","Ají dulce","Capsicum chinense","Quintal","40","4,000.00","1,814.37","0.50","0.20","21,153.21","0.50","0.20","21,153.21","USDA plant database"
"","2015","Naranjito","Naranjito","Cedro Abajo","Ají dulce","Capsicum chinense","Quintal","50","5,000.00","2,267.96","0.50","0.20","21,153.21","0.50","0.20","21,153.21","USDA plant database"
"","2016","Naranjito","Naranjito","Cedro Abajo","Ají dulce","Capsicum chinense","Quintal","170","17,000.00","7,711.06","2.00","0.79","84,612.85","2.00","0.79","84,612.85","USDA plant database"
"","2015","Naranjito","Naranjito","Cedro Arriba","Ají dulce","Capsicum chinense","Quintal","218","21,800.00","9,888.30","4.50","1.77","190,378.92","2.50","0.99","105,766.06","USDA plant database"
"","2016","Naranjito","Naranjito","Cedro Arriba","Ají dulce","Capsicum chinense","Quintal","38","3,800.00","1,723.65","2.00","0.79","84,612.85","2.00","0.79","84,612.85","USDA plant database"
"","2013","Naranjito","Naranjito","Nuevo","Ají dulce","Capsicum chinense","Quintal","15","1,500.00","680.39","2.00","0.79","84,612.85","2.00","0.79","84,612.85","USDA plant database"
"","2014","Naranjito","Naranjito","Nuevo","Ají dulce","Capsicum chinense","Quintal","53","5,300.00","2,404.04","10.00","3.93","423,064.26","4.00","1.57","169,225.71","USDA plant database"
"","2015","Caguas","Patillas","Ríos","Ají dulce","Capsicum chinense","Quintal","26","2,600.00","1,179.34","1.25","0.49","52,883.04","0.50","0.20","21,153.22","USDA plant database"
"","2014","Naranjito","Orocovis","Barros","Ají dulce","Capsicum chinense","Quintal","4","400.00","181.44","0.25","0.10","10,576.61","0.25","0.10","10,576.61","USDA plant database"
"","2014","Naranjito","Orocovis","Cacaos","Ají dulce","Capsicum chinense","Quintal","5","500.00","226.80","0.50","0.20","21,153.21","0.50","0.20","21,153.21","USDA plant database"
"","2016","Caguas","Patillas","Ríos","Ají dulce","Capsicum chinense","Quintal","96","9,600.00","4,354.49","2.25","0.89","95,189.46","2.25","0.89","95,189.46","USDA plant database"
"","2014","Caguas","Patillas","Egozcue","Ají dulce","Capsicum chinense","Quintal","40","4,000.00","1,814.37","0.50","0.20","21,153.21","0.50","0.20","21,153.21","USDA plant database"
"","2013","Naranjito","Orocovis","Gato","Ají dulce","Capsicum chinense","Quintal","0","0.00","0.00","0.50","0.20","21,153.21","0.00","0.00","0.00","USDA plant database"
"","2014","Naranjito","Orocovis","Gato","Ají dulce","Capsicum chinense","Quintal","2","200.00","90.72","0.50","0.20","21,153.21","0.50","0.20","21,153.21","USDA plant database"
"","2013","Naranjito","Orocovis","Sabana","Ají dulce","Capsicum chinense","Quintal","0","0.00","0.00","0.14","0.06","5,922.90","0.00","0.00","0.00","USDA plant database"
"","2014","Naranjito","Orocovis","Sabana","Ají dulce","Capsicum chinense","Quintal","2","280.00","127.01","0.14","0.06","5,922.90","0.14","0.06","5,922.90","USDA plant database"
"","2016","Naranjito","Orocovis","Sabana","Ají dulce","Capsicum chinense","Quintal","0","0.00","0.00","0.25","0.10","10,576.61","0.00","0.00","0.00","USDA plant database"
"","2016","Caguas","Patillas","Apeadero","Ají dulce","Capsicum chinense","Quintal","40","4,000.00","1,814.37","1.00","0.39","42,306.43","1.00","0.39","42,306.43","USDA plant database"
"","2013","Caguas","Patillas","Egozcue","Ají dulce","Capsicum chinense","Quintal","40","4,000.00","1,814.37","0.50","0.20","21,153.21","0.50","0.20","21,153.21","USDA plant database"
"","2013","Caguas","Patillas","Guardarraya","Ají dulce","Capsicum chinense","Quintal","30","3,000.00","1,360.78","0.25","0.10","10,576.61","0.25","0.10","10,576.61","USDA plant database"
"","2014","Caguas","Patillas","Guardarraya","Ají dulce","Capsicum chinense","Quintal","18","1,800.00","816.47","0.15","0.06","6,345.96","0.15","0.06","6,345.96","USDA plant database"
"","2014","Caguas","Patillas","Mamey","Ají dulce","Capsicum chinense","Quintal","30","3,000.00","1,360.78","0.50","0.20","21,153.21","0.50","0.20","21,153.21","USDA plant database"
"","2015","Caguas","Patillas","Mamey","Ají dulce","Capsicum chinense","Quintal","80","8,000.00","3,628.74","1.00","0.39","42,306.43","1.00","0.39","42,306.43","USDA plant database"
"","2013","Caguas","Patillas","Marín","Ají dulce","Capsicum chinense","Quintal","20","2,000.00","907.18","0.25","0.10","10,576.61","0.25","0.10","10,576.61","USDA plant database"
"","2014","Caguas","Patillas","Muñoz Rivera","Ají dulce","Capsicum chinense","Quintal","50","5,000.00","2,267.96","0.50","0.20","21,153.21","0.50","0.20","21,153.21","USDA plant database"
"","2013","Caguas","Patillas","Ríos","Ají dulce","Capsicum chinense","Quintal","30","3,000.00","1,360.78","0.25","0.10","10,576.61","0.25","0.10","10,576.61","USDA plant database"
"","2014","Caguas","Patillas","Ríos","Ají dulce","Capsicum chinense","Quintal","70","7,000.00","3,175.14","0.50","0.20","21,153.21","0.50","0.20","21,153.21","USDA plant database"
"","2016","Ponce","Peñuelas","Coto","Ají dulce","Capsicum chinense","Quintal","8","800.00","362.87","0.50","0.20","21,153.21","0.50","0.20","21,153.21","USDA plant database"
"","2015","Ponce","Peñuelas","Quebrada Ceiba","Ají dulce","Capsicum chinense","Quintal","3","380.00","172.36","1.00","0.39","42,306.43","1.00","0.39","42,306.43","USDA plant database"
"","2016","Ponce","Peñuelas","Quebrada Ceiba","Ají dulce","Capsicum chinense","Quintal","8","800.00","362.87","1.00","0.39","42,306.43","1.00","0.39","42,306.43","USDA plant database"
"","2014","Caguas","Río Grande","Guzmán Arriba","Ají dulce","Capsicum chinense","Quintal","499","49,900.00","22,634.24","11.50","4.52","486,523.90","11.50","4.52","486,523.90","USDA plant database"
"","2014","Arecibo","Quebradillas","Cocos","Ají dulce","Capsicum chinense","Quintal","16","1,600.00","725.75","1.00","0.39","42,306.43","1.00","0.39","42,306.43","USDA plant database"
"","2015","Arecibo","Quebradillas","Guajataca","Ají dulce","Capsicum chinense","Quintal","100","10,000.00","4,535.92","1.00","0.39","42,306.43","1.00","0.39","42,306.43","USDA plant database"
"","2016","Arecibo","Quebradillas","Guajataca","Ají dulce","Capsicum chinense","Quintal","100","10,000.00","4,535.92","1.00","0.39","42,306.43","1.00","0.39","42,306.43","USDA plant database"
"","2013","Caguas","Río Grande","Guzmán Abajo","Ají dulce","Capsicum chinense","Quintal","46","4,600.00","2,086.52","2.00","0.79","84,612.85","2.00","0.79","84,612.85","USDA plant database"
"","2014","Caguas","Río Grande","Guzmán Abajo","Ají dulce","Capsicum chinense","Quintal","40","4,000.00","1,814.37","1.00","0.39","42,306.43","1.00","0.39","42,306.43","USDA plant database"
"","2015","Caguas","Río Grande","Guzmán Abajo","Ají dulce","Capsicum chinense","Quintal","40","4,000.00","1,814.37","1.00","0.39","42,306.43","1.00","0.39","42,306.43","USDA plant database"
"","2016","Caguas","Río Grande","Guzmán Abajo","Ají dulce","Capsicum chinense","Quintal","40","4,000.00","1,814.37","1.00","0.39","42,306.43","1.00","0.39","42,306.43","USDA plant database"
"","2016","Caguas","Río Grande","Herreras","Ají dulce","Capsicum chinense","Quintal","600","60,000.00","27,215.52","3.00","1.18","126,919.28","2.00","0.79","84,612.85","USDA plant database"
"","2013","Caguas","Río Grande","Guzmán Arriba","Ají dulce","Capsicum chinense","Quintal","533","53,300.00","24,176.45","12.50","4.91","528,830.33","12.00","4.72","507,677.12","USDA plant database"
"","2015","Caguas","Río Grande","Guzmán Arriba","Ají dulce","Capsicum chinense","Quintal","250","25,000.00","11,339.80","6.00","2.35","253,838.57","5.50","2.16","232,685.35","USDA plant database"
"","2016","Caguas","Río Grande","Guzmán Arriba","Ají dulce","Capsicum chinense","Quintal","340","34,000.00","15,422.13","8.50","3.34","359,604.63","7.50","2.95","317,298.20","USDA plant database"
"","2015","Caguas","Río Grande","Herreras","Ají dulce","Capsicum chinense","Quintal","300","30,000.00","13,607.76","3.00","1.18","126,919.28","2.00","0.79","84,612.85","USDA plant database"
"","2016","Caguas","Río Grande","Zarzal","Ají dulce","Capsicum chinense","Quintal","25","2,500.00","1,133.98","0.50","0.20","21,153.21","0.50","0.20","21,153.21","USDA plant database"
"","2014","San Germán","Sabana Grande","Susúa","Ají dulce","Capsicum chinense","Quintal","60","6,000.00","2,721.55","3.60","1.41","152,303.14","3.00","1.18","126,919.28","USDA plant database"
"","2015","San Germán","Sabana Grande","Susúa","Ají dulce","Capsicum chinense","Quintal","155","15,500.00","7,030.68","6.50","2.56","274,991.77","6.50","2.56","274,991.77","USDA plant database"
"","2013","San Germán","Sabana Grande","Susúa","Ají dulce","Capsicum chinense","Quintal","75","7,500.00","3,401.94","5.00","1.97","211,532.13","5.00","1.97","211,532.13","USDA plant database"
"","2016","San Germán","Sabana Grande","Susúa","Ají dulce","Capsicum chinense","Quintal","116","11,667.00","5,292.06","5.75","2.26","243,261.95","5.00","1.97","211,532.13","USDA plant database"
"","2013","San Germán","Sabana Grande","Tabonuco","Ají dulce","Capsicum chinense","Quintal","395","39,500.00","17,916.88","47.50","18.67","2,009,555.25","18.50","7.27","782,668.89","USDA plant database"